embedding,embedding_size,regressor,hyperparams,seed,accuracy,tpr,tnr,precision,recall,g_mean,tn,fp,fn,tp
lml12,384,svm,kernel-linear,823,0.9763,0.9796,0.9730,0.9732,0.9796,0.9763,4865,135,102,4898
lml12,384,svm,kernel-poly,823,0.9876,0.9902,0.9850,0.9851,0.9902,0.9876,4925,75,49,4951
lml12,384,svm,kernel-rbf,823,0.9849,0.9884,0.9814,0.9815,0.9884,0.9849,4907,93,58,4942
lml12,384,svm,kernel-sigmoid,823,0.9539,0.9518,0.9560,0.9558,0.9518,0.9539,4780,220,241,4759
lml12,384,logistic_regression,max_iter-50,823,0.9721,0.9768,0.9674,0.9677,0.9768,0.9721,4837,163,116,4884
lml12,384,logistic_regression,max_iter-100,823,0.9721,0.9768,0.9674,0.9677,0.9768,0.9721,4837,163,116,4884
lml12,384,logistic_regression,max_iter-500,823,0.9721,0.9768,0.9674,0.9677,0.9768,0.9721,4837,163,116,4884
lml12,384,random_forest,n_estimators-80,823,0.9609,0.9624,0.9594,0.9595,0.9624,0.9609,4797,203,188,4812
lml12,384,random_forest,n_estimators-80,950,0.9614,0.9652,0.9576,0.9579,0.9652,0.9614,4788,212,174,4826
lml12,384,random_forest,n_estimators-80,686,0.9607,0.9630,0.9584,0.9586,0.9630,0.9607,4792,208,185,4815
lml12,384,random_forest,n_estimators-80,319,0.9615,0.9650,0.9580,0.9583,0.9650,0.9615,4790,210,175,4825
lml12,384,random_forest,n_estimators-80,84,0.9609,0.9652,0.9566,0.9570,0.9652,0.9609,4783,217,174,4826
lml12,384,random_forest,n_estimators-100,823,0.9616,0.9634,0.9598,0.9599,0.9634,0.9616,4799,201,183,4817
lml12,384,random_forest,n_estimators-100,950,0.9608,0.9646,0.9570,0.9573,0.9646,0.9608,4785,215,177,4823
lml12,384,random_forest,n_estimators-100,686,0.9602,0.9642,0.9562,0.9565,0.9642,0.9602,4781,219,179,4821
lml12,384,random_forest,n_estimators-100,319,0.9608,0.9646,0.9570,0.9573,0.9646,0.9608,4785,215,177,4823
lml12,384,random_forest,n_estimators-100,84,0.9606,0.9646,0.9566,0.9569,0.9646,0.9606,4783,217,177,4823
lml12,384,random_forest,n_estimators-200,823,0.9618,0.9664,0.9572,0.9576,0.9664,0.9618,4786,214,168,4832
lml12,384,random_forest,n_estimators-200,950,0.9612,0.9664,0.9560,0.9565,0.9664,0.9612,4780,220,168,4832
lml12,384,random_forest,n_estimators-200,686,0.9610,0.9648,0.9572,0.9575,0.9648,0.9610,4786,214,176,4824
lml12,384,random_forest,n_estimators-200,319,0.9612,0.9660,0.9564,0.9568,0.9660,0.9612,4782,218,170,4830
lml12,384,random_forest,n_estimators-200,84,0.9604,0.9644,0.9564,0.9567,0.9644,0.9604,4782,218,178,4822
lml12,384,naive_bayes,none-n,823,0.9362,0.9688,0.9036,0.9095,0.9688,0.9356,4518,482,156,4844
lml12,384,naive_bayes,none-o,823,0.9362,0.9688,0.9036,0.9095,0.9688,0.9356,4518,482,156,4844
lml12,384,naive_bayes,none-n,823,0.9362,0.9688,0.9036,0.9095,0.9688,0.9356,4518,482,156,4844
lml12,384,naive_bayes,none-e,823,0.9362,0.9688,0.9036,0.9095,0.9688,0.9356,4518,482,156,4844
lml12,384,mlp,num_layers-2_dropout-0.1,823,0.9771,0.9798,0.9744,0.9745,0.9798,0.9771,4872,128,101,4899
lml12,384,mlp,num_layers-2_dropout-0.1,950,0.9782,0.9818,0.9746,0.9748,0.9818,0.9782,4873,127,91,4909
lml12,384,mlp,num_layers-2_dropout-0.1,686,0.9768,0.9842,0.9694,0.9698,0.9842,0.9768,4847,153,79,4921
lml12,384,mlp,num_layers-2_dropout-0.1,319,0.9779,0.9818,0.9740,0.9742,0.9818,0.9779,4870,130,91,4909
lml12,384,mlp,num_layers-2_dropout-0.1,84,0.9769,0.9826,0.9712,0.9715,0.9826,0.9769,4856,144,87,4913
lml12,384,mlp,num_layers-2_dropout-0.2,823,0.9767,0.9788,0.9746,0.9747,0.9788,0.9767,4873,127,106,4894
lml12,384,mlp,num_layers-2_dropout-0.2,950,0.9782,0.9818,0.9746,0.9748,0.9818,0.9782,4873,127,91,4909
lml12,384,mlp,num_layers-2_dropout-0.2,686,0.9768,0.9836,0.9700,0.9704,0.9836,0.9768,4850,150,82,4918
lml12,384,mlp,num_layers-2_dropout-0.2,319,0.9770,0.9804,0.9736,0.9738,0.9804,0.9770,4868,132,98,4902
lml12,384,mlp,num_layers-2_dropout-0.2,84,0.9767,0.9822,0.9712,0.9715,0.9822,0.9767,4856,144,89,4911
lml12,384,mlp,num_layers-2_dropout-0.3,823,0.9763,0.9784,0.9742,0.9743,0.9784,0.9763,4871,129,108,4892
lml12,384,mlp,num_layers-2_dropout-0.3,950,0.9781,0.9820,0.9742,0.9744,0.9820,0.9781,4871,129,90,4910
lml12,384,mlp,num_layers-2_dropout-0.3,686,0.9763,0.9828,0.9698,0.9702,0.9828,0.9763,4849,151,86,4914
lml12,384,mlp,num_layers-2_dropout-0.3,319,0.9771,0.9804,0.9738,0.9740,0.9804,0.9771,4869,131,98,4902
lml12,384,mlp,num_layers-2_dropout-0.3,84,0.9760,0.9818,0.9702,0.9705,0.9818,0.9760,4851,149,91,4909
lml12,384,mlp,num_layers-3_dropout-0.1,823,0.9835,0.9848,0.9822,0.9822,0.9848,0.9835,4911,89,76,4924
lml12,384,mlp,num_layers-3_dropout-0.1,950,0.9832,0.9862,0.9802,0.9803,0.9862,0.9832,4901,99,69,4931
lml12,384,mlp,num_layers-3_dropout-0.1,686,0.9843,0.9882,0.9804,0.9806,0.9882,0.9843,4902,98,59,4941
lml12,384,mlp,num_layers-3_dropout-0.1,319,0.9843,0.9886,0.9800,0.9802,0.9886,0.9843,4900,100,57,4943
lml12,384,mlp,num_layers-3_dropout-0.1,84,0.9840,0.9870,0.9810,0.9811,0.9870,0.9840,4905,95,65,4935
lml12,384,mlp,num_layers-3_dropout-0.2,823,0.9825,0.9832,0.9818,0.9818,0.9832,0.9825,4909,91,84,4916
lml12,384,mlp,num_layers-3_dropout-0.2,950,0.9831,0.9848,0.9814,0.9815,0.9848,0.9831,4907,93,76,4924
lml12,384,mlp,num_layers-3_dropout-0.2,686,0.9840,0.9888,0.9792,0.9794,0.9888,0.9840,4896,104,56,4944
lml12,384,mlp,num_layers-3_dropout-0.2,319,0.9837,0.9872,0.9802,0.9803,0.9872,0.9837,4901,99,64,4936
lml12,384,mlp,num_layers-3_dropout-0.2,84,0.9829,0.9866,0.9792,0.9794,0.9866,0.9829,4896,104,67,4933
lml12,384,mlp,num_layers-3_dropout-0.3,823,0.9819,0.9836,0.9802,0.9803,0.9836,0.9819,4901,99,82,4918
lml12,384,mlp,num_layers-3_dropout-0.3,950,0.9818,0.9838,0.9798,0.9799,0.9838,0.9818,4899,101,81,4919
lml12,384,mlp,num_layers-3_dropout-0.3,686,0.9828,0.9874,0.9782,0.9784,0.9874,0.9828,4891,109,63,4937
lml12,384,mlp,num_layers-3_dropout-0.3,319,0.9834,0.9864,0.9804,0.9805,0.9864,0.9834,4902,98,68,4932
lml12,384,mlp,num_layers-3_dropout-0.3,84,0.9821,0.9854,0.9788,0.9789,0.9854,0.9821,4894,106,73,4927
lml6,384,svm,kernel-linear,823,0.9759,0.9826,0.9692,0.9696,0.9826,0.9759,4846,154,87,4913
lml6,384,svm,kernel-poly,823,0.9883,0.9926,0.9840,0.9841,0.9926,0.9883,4920,80,37,4963
lml6,384,svm,kernel-rbf,823,0.9862,0.9900,0.9824,0.9825,0.9900,0.9862,4912,88,50,4950
lml6,384,svm,kernel-sigmoid,823,0.9572,0.9592,0.9552,0.9554,0.9592,0.9572,4776,224,204,4796
lml6,384,logistic_regression,max_iter-50,823,0.9717,0.9796,0.9638,0.9644,0.9796,0.9717,4819,181,102,4898
lml6,384,logistic_regression,max_iter-100,823,0.9717,0.9796,0.9638,0.9644,0.9796,0.9717,4819,181,102,4898
lml6,384,logistic_regression,max_iter-500,823,0.9717,0.9796,0.9638,0.9644,0.9796,0.9717,4819,181,102,4898
lml6,384,random_forest,n_estimators-80,823,0.9619,0.9794,0.9444,0.9463,0.9794,0.9617,4722,278,103,4897
lml6,384,random_forest,n_estimators-80,950,0.9624,0.9804,0.9444,0.9463,0.9804,0.9622,4722,278,98,4902
lml6,384,random_forest,n_estimators-80,686,0.9624,0.9774,0.9474,0.9489,0.9774,0.9623,4737,263,113,4887
lml6,384,random_forest,n_estimators-80,319,0.9619,0.9778,0.9460,0.9477,0.9778,0.9618,4730,270,111,4889
lml6,384,random_forest,n_estimators-80,84,0.9613,0.9766,0.9460,0.9476,0.9766,0.9612,4730,270,117,4883
lml6,384,random_forest,n_estimators-100,823,0.9630,0.9812,0.9448,0.9467,0.9812,0.9628,4724,276,94,4906
lml6,384,random_forest,n_estimators-100,950,0.9626,0.9806,0.9446,0.9465,0.9806,0.9624,4723,277,97,4903
lml6,384,random_forest,n_estimators-100,686,0.9640,0.9794,0.9486,0.9501,0.9794,0.9639,4743,257,103,4897
lml6,384,random_forest,n_estimators-100,319,0.9624,0.9790,0.9458,0.9475,0.9790,0.9623,4729,271,105,4895
lml6,384,random_forest,n_estimators-100,84,0.9614,0.9788,0.9440,0.9459,0.9788,0.9612,4720,280,106,4894
lml6,384,random_forest,n_estimators-200,823,0.9638,0.9816,0.9460,0.9479,0.9816,0.9636,4730,270,92,4908
lml6,384,random_forest,n_estimators-200,950,0.9640,0.9822,0.9458,0.9477,0.9822,0.9638,4729,271,89,4911
lml6,384,random_forest,n_estimators-200,686,0.9640,0.9804,0.9476,0.9493,0.9804,0.9639,4738,262,98,4902
lml6,384,random_forest,n_estimators-200,319,0.9630,0.9798,0.9462,0.9479,0.9798,0.9629,4731,269,101,4899
lml6,384,random_forest,n_estimators-200,84,0.9623,0.9802,0.9444,0.9463,0.9802,0.9621,4722,278,99,4901
lml6,384,naive_bayes,none-n,823,0.9230,0.9890,0.8570,0.8737,0.9890,0.9206,4285,715,55,4945
lml6,384,naive_bayes,none-o,823,0.9230,0.9890,0.8570,0.8737,0.9890,0.9206,4285,715,55,4945
lml6,384,naive_bayes,none-n,823,0.9230,0.9890,0.8570,0.8737,0.9890,0.9206,4285,715,55,4945
lml6,384,naive_bayes,none-e,823,0.9230,0.9890,0.8570,0.8737,0.9890,0.9206,4285,715,55,4945
lml6,384,mlp,num_layers-2_dropout-0.1,823,0.9763,0.9808,0.9718,0.9721,0.9808,0.9763,4859,141,96,4904
lml6,384,mlp,num_layers-2_dropout-0.1,950,0.9762,0.9826,0.9698,0.9702,0.9826,0.9762,4849,151,87,4913
lml6,384,mlp,num_layers-2_dropout-0.1,686,0.9763,0.9818,0.9708,0.9711,0.9818,0.9763,4854,146,91,4909
lml6,384,mlp,num_layers-2_dropout-0.1,319,0.9759,0.9838,0.9680,0.9685,0.9838,0.9759,4840,160,81,4919
lml6,384,mlp,num_layers-2_dropout-0.1,84,0.9764,0.9812,0.9716,0.9719,0.9812,0.9764,4858,142,94,4906
lml6,384,mlp,num_layers-2_dropout-0.2,823,0.9761,0.9812,0.9710,0.9713,0.9812,0.9761,4855,145,94,4906
lml6,384,mlp,num_layers-2_dropout-0.2,950,0.9762,0.9826,0.9698,0.9702,0.9826,0.9762,4849,151,87,4913
lml6,384,mlp,num_layers-2_dropout-0.2,686,0.9763,0.9822,0.9704,0.9707,0.9822,0.9763,4852,148,89,4911
lml6,384,mlp,num_layers-2_dropout-0.2,319,0.9761,0.9838,0.9684,0.9689,0.9838,0.9761,4842,158,81,4919
lml6,384,mlp,num_layers-2_dropout-0.2,84,0.9765,0.9816,0.9714,0.9717,0.9816,0.9765,4857,143,92,4908
lml6,384,mlp,num_layers-2_dropout-0.3,823,0.9757,0.9810,0.9704,0.9707,0.9810,0.9757,4852,148,95,4905
lml6,384,mlp,num_layers-2_dropout-0.3,950,0.9754,0.9818,0.9690,0.9694,0.9818,0.9754,4845,155,91,4909
lml6,384,mlp,num_layers-2_dropout-0.3,686,0.9759,0.9816,0.9702,0.9705,0.9816,0.9759,4851,149,92,4908
lml6,384,mlp,num_layers-2_dropout-0.3,319,0.9757,0.9834,0.9680,0.9685,0.9834,0.9757,4840,160,83,4917
lml6,384,mlp,num_layers-2_dropout-0.3,84,0.9761,0.9812,0.9710,0.9713,0.9812,0.9761,4855,145,94,4906
lml6,384,mlp,num_layers-3_dropout-0.1,823,0.9820,0.9848,0.9792,0.9793,0.9848,0.9820,4896,104,76,4924
lml6,384,mlp,num_layers-3_dropout-0.1,950,0.9822,0.9864,0.9780,0.9782,0.9864,0.9822,4890,110,68,4932
lml6,384,mlp,num_layers-3_dropout-0.1,686,0.9831,0.9862,0.9800,0.9801,0.9862,0.9831,4900,100,69,4931
lml6,384,mlp,num_layers-3_dropout-0.1,319,0.9812,0.9874,0.9750,0.9753,0.9874,0.9812,4875,125,63,4937
lml6,384,mlp,num_layers-3_dropout-0.1,84,0.9815,0.9840,0.9790,0.9791,0.9840,0.9815,4895,105,80,4920
lml6,384,mlp,num_layers-3_dropout-0.2,823,0.9819,0.9854,0.9784,0.9786,0.9854,0.9819,4892,108,73,4927
lml6,384,mlp,num_layers-3_dropout-0.2,950,0.9825,0.9860,0.9790,0.9791,0.9860,0.9825,4895,105,70,4930
lml6,384,mlp,num_layers-3_dropout-0.2,686,0.9827,0.9874,0.9780,0.9782,0.9874,0.9827,4890,110,63,4937
lml6,384,mlp,num_layers-3_dropout-0.2,319,0.9797,0.9866,0.9728,0.9732,0.9866,0.9797,4864,136,67,4933
lml6,384,mlp,num_layers-3_dropout-0.2,84,0.9810,0.9858,0.9762,0.9764,0.9858,0.9810,4881,119,71,4929
lml6,384,mlp,num_layers-3_dropout-0.3,823,0.9806,0.9846,0.9766,0.9768,0.9846,0.9806,4883,117,77,4923
lml6,384,mlp,num_layers-3_dropout-0.3,950,0.9819,0.9848,0.9790,0.9791,0.9848,0.9819,4895,105,76,4924
lml6,384,mlp,num_layers-3_dropout-0.3,686,0.9816,0.9866,0.9766,0.9768,0.9866,0.9816,4883,117,67,4933
lml6,384,mlp,num_layers-3_dropout-0.3,319,0.9794,0.9858,0.9730,0.9733,0.9858,0.9794,4865,135,71,4929
lml6,384,mlp,num_layers-3_dropout-0.3,84,0.9804,0.9852,0.9756,0.9758,0.9852,0.9804,4878,122,74,4926
mpnet,768,svm,kernel-linear,823,0.9796,0.9814,0.9778,0.9779,0.9814,0.9796,4889,111,93,4907
mpnet,768,svm,kernel-poly,823,0.9885,0.9878,0.9892,0.9892,0.9878,0.9885,4946,54,61,4939
mpnet,768,svm,kernel-rbf,823,0.9870,0.9886,0.9854,0.9854,0.9886,0.9870,4927,73,57,4943
mpnet,768,svm,kernel-sigmoid,823,0.9553,0.9556,0.9550,0.9550,0.9556,0.9553,4775,225,222,4778
mpnet,768,logistic_regression,max_iter-50,823,0.9731,0.9760,0.9702,0.9704,0.9760,0.9731,4851,149,120,4880
mpnet,768,logistic_regression,max_iter-100,823,0.9731,0.9760,0.9702,0.9704,0.9760,0.9731,4851,149,120,4880
mpnet,768,logistic_regression,max_iter-500,823,0.9731,0.9760,0.9702,0.9704,0.9760,0.9731,4851,149,120,4880
mpnet,768,random_forest,n_estimators-80,823,0.9647,0.9606,0.9688,0.9685,0.9606,0.9647,4844,156,197,4803
mpnet,768,random_forest,n_estimators-80,950,0.9658,0.9626,0.9690,0.9688,0.9626,0.9658,4845,155,187,4813
mpnet,768,random_forest,n_estimators-80,686,0.9649,0.9618,0.9680,0.9678,0.9618,0.9649,4840,160,191,4809
mpnet,768,random_forest,n_estimators-80,319,0.9677,0.9648,0.9706,0.9704,0.9648,0.9677,4853,147,176,4824
mpnet,768,random_forest,n_estimators-80,84,0.9653,0.9648,0.9658,0.9658,0.9648,0.9653,4829,171,176,4824
mpnet,768,random_forest,n_estimators-100,823,0.9644,0.9600,0.9688,0.9685,0.9600,0.9644,4844,156,200,4800
mpnet,768,random_forest,n_estimators-100,950,0.9665,0.9650,0.9680,0.9679,0.9650,0.9665,4840,160,175,4825
mpnet,768,random_forest,n_estimators-100,686,0.9674,0.9648,0.9700,0.9698,0.9648,0.9674,4850,150,176,4824
mpnet,768,random_forest,n_estimators-100,319,0.9671,0.9650,0.9692,0.9691,0.9650,0.9671,4846,154,175,4825
mpnet,768,random_forest,n_estimators-100,84,0.9654,0.9660,0.9648,0.9648,0.9660,0.9654,4824,176,170,4830
mpnet,768,random_forest,n_estimators-200,823,0.9669,0.9652,0.9686,0.9685,0.9652,0.9669,4843,157,174,4826
mpnet,768,random_forest,n_estimators-200,950,0.9679,0.9674,0.9684,0.9684,0.9674,0.9679,4842,158,163,4837
mpnet,768,random_forest,n_estimators-200,686,0.9674,0.9670,0.9678,0.9678,0.9670,0.9674,4839,161,165,4835
mpnet,768,random_forest,n_estimators-200,319,0.9689,0.9684,0.9694,0.9694,0.9684,0.9689,4847,153,158,4842
mpnet,768,random_forest,n_estimators-200,84,0.9678,0.9670,0.9686,0.9685,0.9670,0.9678,4843,157,165,4835
mpnet,768,naive_bayes,none-n,823,0.9201,0.9168,0.9234,0.9229,0.9168,0.9201,4617,383,416,4584
mpnet,768,naive_bayes,none-o,823,0.9201,0.9168,0.9234,0.9229,0.9168,0.9201,4617,383,416,4584
mpnet,768,naive_bayes,none-n,823,0.9201,0.9168,0.9234,0.9229,0.9168,0.9201,4617,383,416,4584
mpnet,768,naive_bayes,none-e,823,0.9201,0.9168,0.9234,0.9229,0.9168,0.9201,4617,383,416,4584
mpnet,768,mlp,num_layers-2_dropout-0.1,823,0.9784,0.9790,0.9778,0.9778,0.9790,0.9784,4889,111,105,4895
mpnet,768,mlp,num_layers-2_dropout-0.1,950,0.9788,0.9780,0.9796,0.9796,0.9780,0.9788,4898,102,110,4890
mpnet,768,mlp,num_layers-2_dropout-0.1,686,0.9791,0.9790,0.9792,0.9792,0.9790,0.9791,4896,104,105,4895
mpnet,768,mlp,num_layers-2_dropout-0.1,319,0.9783,0.9764,0.9802,0.9801,0.9764,0.9783,4901,99,118,4882
mpnet,768,mlp,num_layers-2_dropout-0.1,84,0.9782,0.9796,0.9768,0.9769,0.9796,0.9782,4884,116,102,4898
mpnet,768,mlp,num_layers-2_dropout-0.2,823,0.9791,0.9796,0.9786,0.9786,0.9796,0.9791,4893,107,102,4898
mpnet,768,mlp,num_layers-2_dropout-0.2,950,0.9783,0.9784,0.9782,0.9782,0.9784,0.9783,4891,109,108,4892
mpnet,768,mlp,num_layers-2_dropout-0.2,686,0.9785,0.9782,0.9788,0.9788,0.9782,0.9785,4894,106,109,4891
mpnet,768,mlp,num_layers-2_dropout-0.2,319,0.9783,0.9766,0.9800,0.9799,0.9766,0.9783,4900,100,117,4883
mpnet,768,mlp,num_layers-2_dropout-0.2,84,0.9780,0.9790,0.9770,0.9770,0.9790,0.9780,4885,115,105,4895
mpnet,768,mlp,num_layers-2_dropout-0.3,823,0.9786,0.9786,0.9786,0.9786,0.9786,0.9786,4893,107,107,4893
mpnet,768,mlp,num_layers-2_dropout-0.3,950,0.9786,0.9790,0.9782,0.9782,0.9790,0.9786,4891,109,105,4895
mpnet,768,mlp,num_layers-2_dropout-0.3,686,0.9778,0.9784,0.9772,0.9772,0.9784,0.9778,4886,114,108,4892
mpnet,768,mlp,num_layers-2_dropout-0.3,319,0.9782,0.9770,0.9794,0.9794,0.9770,0.9782,4897,103,115,4885
mpnet,768,mlp,num_layers-2_dropout-0.3,84,0.9773,0.9792,0.9754,0.9755,0.9792,0.9773,4877,123,104,4896
mpnet,768,mlp,num_layers-3_dropout-0.1,823,0.9837,0.9858,0.9816,0.9817,0.9858,0.9837,4908,92,71,4929
mpnet,768,mlp,num_layers-3_dropout-0.1,950,0.9841,0.9842,0.9840,0.9840,0.9842,0.9841,4920,80,79,4921
mpnet,768,mlp,num_layers-3_dropout-0.1,686,0.9834,0.9830,0.9838,0.9838,0.9830,0.9834,4919,81,85,4915
mpnet,768,mlp,num_layers-3_dropout-0.1,319,0.9844,0.9840,0.9848,0.9848,0.9840,0.9844,4924,76,80,4920
mpnet,768,mlp,num_layers-3_dropout-0.1,84,0.9849,0.9870,0.9828,0.9829,0.9870,0.9849,4914,86,65,4935
mpnet,768,mlp,num_layers-3_dropout-0.2,823,0.9837,0.9856,0.9818,0.9819,0.9856,0.9837,4909,91,72,4928
mpnet,768,mlp,num_layers-3_dropout-0.2,950,0.9839,0.9820,0.9858,0.9857,0.9820,0.9839,4929,71,90,4910
mpnet,768,mlp,num_layers-3_dropout-0.2,686,0.9837,0.9838,0.9836,0.9836,0.9838,0.9837,4918,82,81,4919
mpnet,768,mlp,num_layers-3_dropout-0.2,319,0.9840,0.9842,0.9838,0.9838,0.9842,0.9840,4919,81,79,4921
mpnet,768,mlp,num_layers-3_dropout-0.2,84,0.9847,0.9872,0.9822,0.9823,0.9872,0.9847,4911,89,64,4936
mpnet,768,mlp,num_layers-3_dropout-0.3,823,0.9829,0.9828,0.9830,0.9830,0.9828,0.9829,4915,85,86,4914
mpnet,768,mlp,num_layers-3_dropout-0.3,950,0.9828,0.9820,0.9836,0.9836,0.9820,0.9828,4918,82,90,4910
mpnet,768,mlp,num_layers-3_dropout-0.3,686,0.9839,0.9854,0.9824,0.9825,0.9854,0.9839,4912,88,73,4927
mpnet,768,mlp,num_layers-3_dropout-0.3,319,0.9834,0.9842,0.9826,0.9826,0.9842,0.9834,4913,87,79,4921
mpnet,768,mlp,num_layers-3_dropout-0.3,84,0.9842,0.9864,0.9820,0.9821,0.9864,0.9842,4910,90,68,4932
mxbai,64,svm,kernel-linear,823,0.9324,0.9380,0.9268,0.9276,0.9380,0.9324,4634,366,310,4690
mxbai,64,svm,kernel-poly,823,0.9683,0.9774,0.9592,0.9599,0.9774,0.9683,4796,204,113,4887
mxbai,64,svm,kernel-rbf,823,0.9654,0.9742,0.9566,0.9574,0.9742,0.9654,4783,217,129,4871
mxbai,64,svm,kernel-sigmoid,823,0.8764,0.8786,0.8742,0.8748,0.8786,0.8764,4371,629,607,4393
mxbai,64,logistic_regression,max_iter-50,823,0.9305,0.9340,0.9270,0.9275,0.9340,0.9305,4635,365,330,4670
mxbai,64,logistic_regression,max_iter-100,823,0.9305,0.9340,0.9270,0.9275,0.9340,0.9305,4635,365,330,4670
mxbai,64,logistic_regression,max_iter-500,823,0.9305,0.9340,0.9270,0.9275,0.9340,0.9305,4635,365,330,4670
mxbai,64,random_forest,n_estimators-80,823,0.9439,0.9536,0.9342,0.9355,0.9536,0.9439,4671,329,232,4768
mxbai,64,random_forest,n_estimators-80,950,0.9440,0.9516,0.9364,0.9374,0.9516,0.9440,4682,318,242,4758
mxbai,64,random_forest,n_estimators-80,686,0.9438,0.9520,0.9356,0.9366,0.9520,0.9438,4678,322,240,4760
mxbai,64,random_forest,n_estimators-80,319,0.9435,0.9520,0.9350,0.9361,0.9520,0.9435,4675,325,240,4760
mxbai,64,random_forest,n_estimators-80,84,0.9442,0.9546,0.9338,0.9351,0.9546,0.9441,4669,331,227,4773
mxbai,64,random_forest,n_estimators-100,823,0.9446,0.9552,0.9340,0.9354,0.9552,0.9445,4670,330,224,4776
mxbai,64,random_forest,n_estimators-100,950,0.9424,0.9512,0.9336,0.9347,0.9512,0.9424,4668,332,244,4756
mxbai,64,random_forest,n_estimators-100,686,0.9449,0.9542,0.9356,0.9368,0.9542,0.9449,4678,322,229,4771
mxbai,64,random_forest,n_estimators-100,319,0.9456,0.9536,0.9376,0.9386,0.9536,0.9456,4688,312,232,4768
mxbai,64,random_forest,n_estimators-100,84,0.9442,0.9540,0.9344,0.9357,0.9540,0.9441,4672,328,230,4770
mxbai,64,random_forest,n_estimators-200,823,0.9450,0.9564,0.9336,0.9351,0.9564,0.9449,4668,332,218,4782
mxbai,64,random_forest,n_estimators-200,950,0.9451,0.9572,0.9330,0.9346,0.9572,0.9450,4665,335,214,4786
mxbai,64,random_forest,n_estimators-200,686,0.9470,0.9570,0.9370,0.9382,0.9570,0.9469,4685,315,215,4785
mxbai,64,random_forest,n_estimators-200,319,0.9464,0.9568,0.9360,0.9373,0.9568,0.9463,4680,320,216,4784
mxbai,64,random_forest,n_estimators-200,84,0.9464,0.9582,0.9346,0.9361,0.9582,0.9463,4673,327,209,4791
mxbai,64,naive_bayes,none-n,823,0.9103,0.9282,0.8924,0.8961,0.9282,0.9101,4462,538,359,4641
mxbai,64,naive_bayes,none-o,823,0.9103,0.9282,0.8924,0.8961,0.9282,0.9101,4462,538,359,4641
mxbai,64,naive_bayes,none-n,823,0.9103,0.9282,0.8924,0.8961,0.9282,0.9101,4462,538,359,4641
mxbai,64,naive_bayes,none-e,823,0.9103,0.9282,0.8924,0.8961,0.9282,0.9101,4462,538,359,4641
mxbai,64,mlp,num_layers-2_dropout-0.1,823,0.9413,0.9434,0.9392,0.9395,0.9434,0.9413,4696,304,283,4717
mxbai,64,mlp,num_layers-2_dropout-0.1,950,0.9420,0.9504,0.9336,0.9347,0.9504,0.9420,4668,332,248,4752
mxbai,64,mlp,num_layers-2_dropout-0.1,686,0.9421,0.9460,0.9382,0.9387,0.9460,0.9421,4691,309,270,4730
mxbai,64,mlp,num_layers-2_dropout-0.1,319,0.9433,0.9494,0.9372,0.9380,0.9494,0.9433,4686,314,253,4747
mxbai,64,mlp,num_layers-2_dropout-0.1,84,0.9426,0.9478,0.9374,0.9380,0.9478,0.9426,4687,313,261,4739
mxbai,64,mlp,num_layers-2_dropout-0.2,823,0.9406,0.9440,0.9372,0.9376,0.9440,0.9406,4686,314,280,4720
mxbai,64,mlp,num_layers-2_dropout-0.2,950,0.9420,0.9502,0.9338,0.9349,0.9502,0.9420,4669,331,249,4751
mxbai,64,mlp,num_layers-2_dropout-0.2,686,0.9408,0.9450,0.9366,0.9371,0.9450,0.9408,4683,317,275,4725
mxbai,64,mlp,num_layers-2_dropout-0.2,319,0.9438,0.9502,0.9374,0.9382,0.9502,0.9438,4687,313,249,4751
mxbai,64,mlp,num_layers-2_dropout-0.2,84,0.9417,0.9472,0.9362,0.9369,0.9472,0.9417,4681,319,264,4736
mxbai,64,mlp,num_layers-2_dropout-0.3,823,0.9404,0.9448,0.9360,0.9366,0.9448,0.9404,4680,320,276,4724
mxbai,64,mlp,num_layers-2_dropout-0.3,950,0.9418,0.9498,0.9338,0.9348,0.9498,0.9418,4669,331,251,4749
mxbai,64,mlp,num_layers-2_dropout-0.3,686,0.9403,0.9464,0.9342,0.9350,0.9464,0.9403,4671,329,268,4732
mxbai,64,mlp,num_layers-2_dropout-0.3,319,0.9427,0.9496,0.9358,0.9367,0.9496,0.9427,4679,321,252,4748
mxbai,64,mlp,num_layers-2_dropout-0.3,84,0.9401,0.9456,0.9346,0.9353,0.9456,0.9401,4673,327,272,4728
mxbai,64,mlp,num_layers-3_dropout-0.1,823,0.9604,0.9692,0.9516,0.9524,0.9692,0.9604,4758,242,154,4846
mxbai,64,mlp,num_layers-3_dropout-0.1,950,0.9586,0.9646,0.9526,0.9532,0.9646,0.9586,4763,237,177,4823
mxbai,64,mlp,num_layers-3_dropout-0.1,686,0.9604,0.9636,0.9572,0.9575,0.9636,0.9604,4786,214,182,4818
mxbai,64,mlp,num_layers-3_dropout-0.1,319,0.9587,0.9716,0.9458,0.9472,0.9716,0.9586,4729,271,142,4858
mxbai,64,mlp,num_layers-3_dropout-0.1,84,0.9585,0.9656,0.9514,0.9521,0.9656,0.9585,4757,243,172,4828
mxbai,64,mlp,num_layers-3_dropout-0.2,823,0.9581,0.9654,0.9508,0.9515,0.9654,0.9581,4754,246,173,4827
mxbai,64,mlp,num_layers-3_dropout-0.2,950,0.9576,0.9648,0.9504,0.9511,0.9648,0.9576,4752,248,176,4824
mxbai,64,mlp,num_layers-3_dropout-0.2,686,0.9594,0.9662,0.9526,0.9532,0.9662,0.9594,4763,237,169,4831
mxbai,64,mlp,num_layers-3_dropout-0.2,319,0.9570,0.9706,0.9434,0.9449,0.9706,0.9569,4717,283,147,4853
mxbai,64,mlp,num_layers-3_dropout-0.2,84,0.9578,0.9624,0.9532,0.9536,0.9624,0.9578,4766,234,188,4812
mxbai,64,mlp,num_layers-3_dropout-0.3,823,0.9552,0.9618,0.9486,0.9493,0.9618,0.9552,4743,257,191,4809
mxbai,64,mlp,num_layers-3_dropout-0.3,950,0.9560,0.9616,0.9504,0.9509,0.9616,0.9560,4752,248,192,4808
mxbai,64,mlp,num_layers-3_dropout-0.3,686,0.9572,0.9632,0.9512,0.9518,0.9632,0.9572,4756,244,184,4816
mxbai,64,mlp,num_layers-3_dropout-0.3,319,0.9532,0.9646,0.9418,0.9431,0.9646,0.9531,4709,291,177,4823
mxbai,64,mlp,num_layers-3_dropout-0.3,84,0.9550,0.9606,0.9494,0.9500,0.9606,0.9550,4747,253,197,4803
nomic128,128,svm,kernel-linear,823,0.9613,0.9688,0.9538,0.9545,0.9688,0.9613,4769,231,156,4844
nomic128,128,svm,kernel-poly,823,0.9860,0.9898,0.9822,0.9823,0.9898,0.9860,4911,89,51,4949
nomic128,128,svm,kernel-rbf,823,0.9825,0.9880,0.9770,0.9773,0.9880,0.9825,4885,115,60,4940
nomic128,128,svm,kernel-sigmoid,823,0.9265,0.9286,0.9244,0.9247,0.9286,0.9265,4622,378,357,4643
nomic128,128,logistic_regression,max_iter-50,823,0.9578,0.9662,0.9494,0.9502,0.9662,0.9578,4747,253,169,4831
nomic128,128,logistic_regression,max_iter-100,823,0.9578,0.9662,0.9494,0.9502,0.9662,0.9578,4747,253,169,4831
nomic128,128,logistic_regression,max_iter-500,823,0.9578,0.9662,0.9494,0.9502,0.9662,0.9578,4747,253,169,4831
nomic128,128,random_forest,n_estimators-80,823,0.9598,0.9650,0.9546,0.9551,0.9650,0.9598,4773,227,175,4825
nomic128,128,random_forest,n_estimators-80,950,0.9610,0.9656,0.9564,0.9568,0.9656,0.9610,4782,218,172,4828
nomic128,128,random_forest,n_estimators-80,686,0.9588,0.9622,0.9554,0.9557,0.9622,0.9588,4777,223,189,4811
nomic128,128,random_forest,n_estimators-80,319,0.9604,0.9632,0.9576,0.9578,0.9632,0.9604,4788,212,184,4816
nomic128,128,random_forest,n_estimators-80,84,0.9572,0.9590,0.9554,0.9556,0.9590,0.9572,4777,223,205,4795
nomic128,128,random_forest,n_estimators-100,823,0.9599,0.9640,0.9558,0.9562,0.9640,0.9599,4779,221,180,4820
nomic128,128,random_forest,n_estimators-100,950,0.9612,0.9656,0.9568,0.9572,0.9656,0.9612,4784,216,172,4828
nomic128,128,random_forest,n_estimators-100,686,0.9580,0.9618,0.9542,0.9545,0.9618,0.9580,4771,229,191,4809
nomic128,128,random_forest,n_estimators-100,319,0.9607,0.9654,0.9560,0.9564,0.9654,0.9607,4780,220,173,4827
nomic128,128,random_forest,n_estimators-100,84,0.9581,0.9602,0.9560,0.9562,0.9602,0.9581,4780,220,199,4801
nomic128,128,random_forest,n_estimators-200,823,0.9603,0.9652,0.9554,0.9558,0.9652,0.9603,4777,223,174,4826
nomic128,128,random_forest,n_estimators-200,950,0.9611,0.9656,0.9566,0.9570,0.9656,0.9611,4783,217,172,4828
nomic128,128,random_forest,n_estimators-200,686,0.9592,0.9634,0.9550,0.9554,0.9634,0.9592,4775,225,183,4817
nomic128,128,random_forest,n_estimators-200,319,0.9615,0.9658,0.9572,0.9576,0.9658,0.9615,4786,214,171,4829
nomic128,128,random_forest,n_estimators-200,84,0.9594,0.9628,0.9560,0.9563,0.9628,0.9594,4780,220,186,4814
nomic128,128,naive_bayes,none-n,823,0.9142,0.9254,0.9030,0.9051,0.9254,0.9141,4515,485,373,4627
nomic128,128,naive_bayes,none-o,823,0.9142,0.9254,0.9030,0.9051,0.9254,0.9141,4515,485,373,4627
nomic128,128,naive_bayes,none-n,823,0.9142,0.9254,0.9030,0.9051,0.9254,0.9141,4515,485,373,4627
nomic128,128,naive_bayes,none-e,823,0.9142,0.9254,0.9030,0.9051,0.9254,0.9141,4515,485,373,4627
nomic128,128,mlp,num_layers-2_dropout-0.1,823,0.9661,0.9720,0.9602,0.9607,0.9720,0.9661,4801,199,140,4860
nomic128,128,mlp,num_layers-2_dropout-0.1,950,0.9682,0.9752,0.9612,0.9617,0.9752,0.9682,4806,194,124,4876
nomic128,128,mlp,num_layers-2_dropout-0.1,686,0.9659,0.9716,0.9602,0.9606,0.9716,0.9659,4801,199,142,4858
nomic128,128,mlp,num_layers-2_dropout-0.1,319,0.9653,0.9654,0.9652,0.9652,0.9654,0.9653,4826,174,173,4827
nomic128,128,mlp,num_layers-2_dropout-0.1,84,0.9666,0.9716,0.9616,0.9620,0.9716,0.9666,4808,192,142,4858
nomic128,128,mlp,num_layers-2_dropout-0.2,823,0.9655,0.9718,0.9592,0.9597,0.9718,0.9655,4796,204,141,4859
nomic128,128,mlp,num_layers-2_dropout-0.2,950,0.9679,0.9758,0.9600,0.9606,0.9758,0.9679,4800,200,121,4879
nomic128,128,mlp,num_layers-2_dropout-0.2,686,0.9654,0.9702,0.9606,0.9610,0.9702,0.9654,4803,197,149,4851
nomic128,128,mlp,num_layers-2_dropout-0.2,319,0.9647,0.9640,0.9654,0.9654,0.9640,0.9647,4827,173,180,4820
nomic128,128,mlp,num_layers-2_dropout-0.2,84,0.9668,0.9716,0.9620,0.9624,0.9716,0.9668,4810,190,142,4858
nomic128,128,mlp,num_layers-2_dropout-0.3,823,0.9660,0.9720,0.9600,0.9605,0.9720,0.9660,4800,200,140,4860
nomic128,128,mlp,num_layers-2_dropout-0.3,950,0.9669,0.9748,0.9590,0.9596,0.9748,0.9669,4795,205,126,4874
nomic128,128,mlp,num_layers-2_dropout-0.3,686,0.9660,0.9714,0.9606,0.9610,0.9714,0.9660,4803,197,143,4857
nomic128,128,mlp,num_layers-2_dropout-0.3,319,0.9653,0.9656,0.9650,0.9650,0.9656,0.9653,4825,175,172,4828
nomic128,128,mlp,num_layers-2_dropout-0.3,84,0.9666,0.9712,0.9620,0.9623,0.9712,0.9666,4810,190,144,4856
nomic128,128,mlp,num_layers-3_dropout-0.1,823,0.9808,0.9842,0.9774,0.9776,0.9842,0.9808,4887,113,79,4921
nomic128,128,mlp,num_layers-3_dropout-0.1,950,0.9798,0.9828,0.9768,0.9769,0.9828,0.9798,4884,116,86,4914
nomic128,128,mlp,num_layers-3_dropout-0.1,686,0.9787,0.9880,0.9694,0.9700,0.9880,0.9787,4847,153,60,4940
nomic128,128,mlp,num_layers-3_dropout-0.1,319,0.9771,0.9726,0.9816,0.9814,0.9726,0.9771,4908,92,137,4863
nomic128,128,mlp,num_layers-3_dropout-0.1,84,0.9785,0.9810,0.9760,0.9761,0.9810,0.9785,4880,120,95,4905
nomic128,128,mlp,num_layers-3_dropout-0.2,823,0.9802,0.9834,0.9770,0.9771,0.9834,0.9802,4885,115,83,4917
nomic128,128,mlp,num_layers-3_dropout-0.2,950,0.9793,0.9834,0.9752,0.9754,0.9834,0.9793,4876,124,83,4917
nomic128,128,mlp,num_layers-3_dropout-0.2,686,0.9789,0.9862,0.9716,0.9720,0.9862,0.9789,4858,142,69,4931
nomic128,128,mlp,num_layers-3_dropout-0.2,319,0.9766,0.9746,0.9786,0.9785,0.9746,0.9766,4893,107,127,4873
nomic128,128,mlp,num_layers-3_dropout-0.2,84,0.9776,0.9812,0.9740,0.9742,0.9812,0.9776,4870,130,94,4906
nomic128,128,mlp,num_layers-3_dropout-0.3,823,0.9797,0.9846,0.9748,0.9750,0.9846,0.9797,4874,126,77,4923
nomic128,128,mlp,num_layers-3_dropout-0.3,950,0.9775,0.9808,0.9742,0.9744,0.9808,0.9775,4871,129,96,4904
nomic128,128,mlp,num_layers-3_dropout-0.3,686,0.9772,0.9838,0.9706,0.9710,0.9838,0.9772,4853,147,81,4919
nomic128,128,mlp,num_layers-3_dropout-0.3,319,0.9767,0.9768,0.9766,0.9766,0.9768,0.9767,4883,117,116,4884
nomic128,128,mlp,num_layers-3_dropout-0.3,84,0.9769,0.9808,0.9730,0.9732,0.9808,0.9769,4865,135,96,4904
nomic256,256,svm,kernel-linear,823,0.9807,0.9832,0.9782,0.9783,0.9832,0.9807,4891,109,84,4916
nomic256,256,svm,kernel-poly,823,0.9906,0.9918,0.9894,0.9894,0.9918,0.9906,4947,53,41,4959
nomic256,256,svm,kernel-rbf,823,0.9883,0.9902,0.9864,0.9865,0.9902,0.9883,4932,68,49,4951
nomic256,256,svm,kernel-sigmoid,823,0.9594,0.9674,0.9514,0.9522,0.9674,0.9594,4757,243,163,4837
nomic256,256,logistic_regression,max_iter-50,823,0.9748,0.9794,0.9702,0.9705,0.9794,0.9748,4851,149,103,4897
nomic256,256,logistic_regression,max_iter-100,823,0.9748,0.9794,0.9702,0.9705,0.9794,0.9748,4851,149,103,4897
nomic256,256,logistic_regression,max_iter-500,823,0.9748,0.9794,0.9702,0.9705,0.9794,0.9748,4851,149,103,4897
nomic256,256,random_forest,n_estimators-80,823,0.9695,0.9760,0.9630,0.9635,0.9760,0.9695,4815,185,120,4880
nomic256,256,random_forest,n_estimators-80,950,0.9685,0.9732,0.9638,0.9641,0.9732,0.9685,4819,181,134,4866
nomic256,256,random_forest,n_estimators-80,686,0.9703,0.9778,0.9628,0.9633,0.9778,0.9703,4814,186,111,4889
nomic256,256,random_forest,n_estimators-80,319,0.9670,0.9730,0.9610,0.9615,0.9730,0.9670,4805,195,135,4865
nomic256,256,random_forest,n_estimators-80,84,0.9677,0.9748,0.9606,0.9612,0.9748,0.9677,4803,197,126,4874
nomic256,256,random_forest,n_estimators-100,823,0.9690,0.9748,0.9632,0.9636,0.9748,0.9690,4816,184,126,4874
nomic256,256,random_forest,n_estimators-100,950,0.9692,0.9746,0.9638,0.9642,0.9746,0.9692,4819,181,127,4873
nomic256,256,random_forest,n_estimators-100,686,0.9706,0.9776,0.9636,0.9641,0.9776,0.9706,4818,182,112,4888
nomic256,256,random_forest,n_estimators-100,319,0.9706,0.9770,0.9642,0.9647,0.9770,0.9706,4821,179,115,4885
nomic256,256,random_forest,n_estimators-100,84,0.9694,0.9768,0.9620,0.9626,0.9768,0.9694,4810,190,116,4884
nomic256,256,random_forest,n_estimators-200,823,0.9721,0.9796,0.9646,0.9651,0.9796,0.9721,4823,177,102,4898
nomic256,256,random_forest,n_estimators-200,950,0.9701,0.9784,0.9618,0.9624,0.9784,0.9701,4809,191,108,4892
nomic256,256,random_forest,n_estimators-200,686,0.9726,0.9812,0.9640,0.9646,0.9812,0.9726,4820,180,94,4906
nomic256,256,random_forest,n_estimators-200,319,0.9702,0.9780,0.9624,0.9630,0.9780,0.9702,4812,188,110,4890
nomic256,256,random_forest,n_estimators-200,84,0.9714,0.9798,0.9630,0.9636,0.9798,0.9714,4815,185,101,4899
nomic256,256,naive_bayes,none-n,823,0.9402,0.9608,0.9196,0.9228,0.9608,0.9400,4598,402,196,4804
nomic256,256,naive_bayes,none-o,823,0.9402,0.9608,0.9196,0.9228,0.9608,0.9400,4598,402,196,4804
nomic256,256,naive_bayes,none-n,823,0.9402,0.9608,0.9196,0.9228,0.9608,0.9400,4598,402,196,4804
nomic256,256,naive_bayes,none-e,823,0.9402,0.9608,0.9196,0.9228,0.9608,0.9400,4598,402,196,4804
nomic256,256,mlp,num_layers-2_dropout-0.1,823,0.9787,0.9796,0.9778,0.9778,0.9796,0.9787,4889,111,102,4898
nomic256,256,mlp,num_layers-2_dropout-0.1,950,0.9796,0.9794,0.9798,0.9798,0.9794,0.9796,4899,101,103,4897
nomic256,256,mlp,num_layers-2_dropout-0.1,686,0.9775,0.9734,0.9816,0.9814,0.9734,0.9775,4908,92,133,4867
nomic256,256,mlp,num_layers-2_dropout-0.1,319,0.9798,0.9832,0.9764,0.9766,0.9832,0.9798,4882,118,84,4916
nomic256,256,mlp,num_layers-2_dropout-0.1,84,0.9795,0.9830,0.9760,0.9762,0.9830,0.9795,4880,120,85,4915
nomic256,256,mlp,num_layers-2_dropout-0.2,823,0.9785,0.9802,0.9768,0.9769,0.9802,0.9785,4884,116,99,4901
nomic256,256,mlp,num_layers-2_dropout-0.2,950,0.9791,0.9784,0.9798,0.9798,0.9784,0.9791,4899,101,108,4892
nomic256,256,mlp,num_layers-2_dropout-0.2,686,0.9771,0.9726,0.9816,0.9814,0.9726,0.9771,4908,92,137,4863
nomic256,256,mlp,num_layers-2_dropout-0.2,319,0.9793,0.9826,0.9760,0.9762,0.9826,0.9793,4880,120,87,4913
nomic256,256,mlp,num_layers-2_dropout-0.2,84,0.9790,0.9816,0.9764,0.9765,0.9816,0.9790,4882,118,92,4908
nomic256,256,mlp,num_layers-2_dropout-0.3,823,0.9782,0.9798,0.9766,0.9767,0.9798,0.9782,4883,117,101,4899
nomic256,256,mlp,num_layers-2_dropout-0.3,950,0.9783,0.9774,0.9792,0.9792,0.9774,0.9783,4896,104,113,4887
nomic256,256,mlp,num_layers-2_dropout-0.3,686,0.9772,0.9738,0.9806,0.9805,0.9738,0.9772,4903,97,131,4869
nomic256,256,mlp,num_layers-2_dropout-0.3,319,0.9784,0.9816,0.9752,0.9754,0.9816,0.9784,4876,124,92,4908
nomic256,256,mlp,num_layers-2_dropout-0.3,84,0.9785,0.9804,0.9766,0.9767,0.9804,0.9785,4883,117,98,4902
nomic256,256,mlp,num_layers-3_dropout-0.1,823,0.9860,0.9854,0.9866,0.9866,0.9854,0.9860,4933,67,73,4927
nomic256,256,mlp,num_layers-3_dropout-0.1,950,0.9856,0.9868,0.9844,0.9844,0.9868,0.9856,4922,78,66,4934
nomic256,256,mlp,num_layers-3_dropout-0.1,686,0.9853,0.9866,0.9840,0.9840,0.9866,0.9853,4920,80,67,4933
nomic256,256,mlp,num_layers-3_dropout-0.1,319,0.9862,0.9882,0.9842,0.9843,0.9882,0.9862,4921,79,59,4941
nomic256,256,mlp,num_layers-3_dropout-0.1,84,0.9842,0.9834,0.9850,0.9850,0.9834,0.9842,4925,75,83,4917
nomic256,256,mlp,num_layers-3_dropout-0.2,823,0.9858,0.9852,0.9864,0.9864,0.9852,0.9858,4932,68,74,4926
nomic256,256,mlp,num_layers-3_dropout-0.2,950,0.9855,0.9860,0.9850,0.9850,0.9860,0.9855,4925,75,70,4930
nomic256,256,mlp,num_layers-3_dropout-0.2,686,0.9852,0.9864,0.9840,0.9840,0.9864,0.9852,4920,80,68,4932
nomic256,256,mlp,num_layers-3_dropout-0.2,319,0.9860,0.9892,0.9828,0.9829,0.9892,0.9860,4914,86,54,4946
nomic256,256,mlp,num_layers-3_dropout-0.2,84,0.9842,0.9840,0.9844,0.9844,0.9840,0.9842,4922,78,80,4920
nomic256,256,mlp,num_layers-3_dropout-0.3,823,0.9850,0.9854,0.9846,0.9846,0.9854,0.9850,4923,77,73,4927
nomic256,256,mlp,num_layers-3_dropout-0.3,950,0.9853,0.9850,0.9856,0.9856,0.9850,0.9853,4928,72,75,4925
nomic256,256,mlp,num_layers-3_dropout-0.3,686,0.9855,0.9854,0.9856,0.9856,0.9854,0.9855,4928,72,73,4927
nomic256,256,mlp,num_layers-3_dropout-0.3,319,0.9844,0.9876,0.9812,0.9813,0.9876,0.9844,4906,94,62,4938
nomic256,256,mlp,num_layers-3_dropout-0.3,84,0.9842,0.9856,0.9828,0.9828,0.9856,0.9842,4914,86,72,4928
nomic512,512,svm,kernel-linear,823,0.9847,0.9880,0.9814,0.9815,0.9880,0.9847,4907,93,60,4940
nomic512,512,svm,kernel-poly,823,0.9921,0.9940,0.9902,0.9902,0.9940,0.9921,4951,49,30,4970
nomic512,512,svm,kernel-rbf,823,0.9909,0.9928,0.9890,0.9890,0.9928,0.9909,4945,55,36,4964
nomic512,512,svm,kernel-sigmoid,823,0.9704,0.9748,0.9660,0.9663,0.9748,0.9704,4830,170,126,4874
nomic512,512,logistic_regression,max_iter-50,823,0.9802,0.9846,0.9758,0.9760,0.9846,0.9802,4879,121,77,4923
nomic512,512,logistic_regression,max_iter-100,823,0.9802,0.9846,0.9758,0.9760,0.9846,0.9802,4879,121,77,4923
nomic512,512,logistic_regression,max_iter-500,823,0.9802,0.9846,0.9758,0.9760,0.9846,0.9802,4879,121,77,4923
nomic512,512,random_forest,n_estimators-80,823,0.9733,0.9810,0.9656,0.9661,0.9810,0.9733,4828,172,95,4905
nomic512,512,random_forest,n_estimators-80,950,0.9717,0.9794,0.9640,0.9645,0.9794,0.9717,4820,180,103,4897
nomic512,512,random_forest,n_estimators-80,686,0.9721,0.9794,0.9648,0.9653,0.9794,0.9721,4824,176,103,4897
nomic512,512,random_forest,n_estimators-80,319,0.9713,0.9788,0.9638,0.9643,0.9788,0.9713,4819,181,106,4894
nomic512,512,random_forest,n_estimators-80,84,0.9710,0.9790,0.9630,0.9636,0.9790,0.9710,4815,185,105,4895
nomic512,512,random_forest,n_estimators-100,823,0.9739,0.9824,0.9654,0.9660,0.9824,0.9739,4827,173,88,4912
nomic512,512,random_forest,n_estimators-100,950,0.9716,0.9780,0.9652,0.9656,0.9780,0.9716,4826,174,110,4890
nomic512,512,random_forest,n_estimators-100,686,0.9719,0.9802,0.9636,0.9642,0.9802,0.9719,4818,182,99,4901
nomic512,512,random_forest,n_estimators-100,319,0.9721,0.9806,0.9636,0.9642,0.9806,0.9721,4818,182,97,4903
nomic512,512,random_forest,n_estimators-100,84,0.9723,0.9792,0.9654,0.9659,0.9792,0.9723,4827,173,104,4896
nomic512,512,random_forest,n_estimators-200,823,0.9744,0.9828,0.9660,0.9666,0.9828,0.9744,4830,170,86,4914
nomic512,512,random_forest,n_estimators-200,950,0.9732,0.9812,0.9652,0.9657,0.9812,0.9732,4826,174,94,4906
nomic512,512,random_forest,n_estimators-200,686,0.9741,0.9822,0.9660,0.9665,0.9822,0.9741,4830,170,89,4911
nomic512,512,random_forest,n_estimators-200,319,0.9748,0.9838,0.9658,0.9664,0.9838,0.9748,4829,171,81,4919
nomic512,512,random_forest,n_estimators-200,84,0.9731,0.9810,0.9652,0.9657,0.9810,0.9731,4826,174,95,4905
nomic512,512,naive_bayes,none-n,823,0.9443,0.9668,0.9218,0.9252,0.9668,0.9440,4609,391,166,4834
nomic512,512,naive_bayes,none-o,823,0.9443,0.9668,0.9218,0.9252,0.9668,0.9440,4609,391,166,4834
nomic512,512,naive_bayes,none-n,823,0.9443,0.9668,0.9218,0.9252,0.9668,0.9440,4609,391,166,4834
nomic512,512,naive_bayes,none-e,823,0.9443,0.9668,0.9218,0.9252,0.9668,0.9440,4609,391,166,4834
nomic512,512,mlp,num_layers-2_dropout-0.1,823,0.9839,0.9810,0.9868,0.9867,0.9810,0.9839,4934,66,95,4905
nomic512,512,mlp,num_layers-2_dropout-0.1,950,0.9851,0.9876,0.9826,0.9827,0.9876,0.9851,4913,87,62,4938
nomic512,512,mlp,num_layers-2_dropout-0.1,686,0.9847,0.9852,0.9842,0.9842,0.9852,0.9847,4921,79,74,4926
nomic512,512,mlp,num_layers-2_dropout-0.1,319,0.9851,0.9864,0.9838,0.9838,0.9864,0.9851,4919,81,68,4932
nomic512,512,mlp,num_layers-2_dropout-0.1,84,0.9845,0.9846,0.9844,0.9844,0.9846,0.9845,4922,78,77,4923
nomic512,512,mlp,num_layers-2_dropout-0.2,823,0.9838,0.9808,0.9868,0.9867,0.9808,0.9838,4934,66,96,4904
nomic512,512,mlp,num_layers-2_dropout-0.2,950,0.9854,0.9880,0.9828,0.9829,0.9880,0.9854,4914,86,60,4940
nomic512,512,mlp,num_layers-2_dropout-0.2,686,0.9846,0.9854,0.9838,0.9838,0.9854,0.9846,4919,81,73,4927
nomic512,512,mlp,num_layers-2_dropout-0.2,319,0.9846,0.9856,0.9836,0.9836,0.9856,0.9846,4918,82,72,4928
nomic512,512,mlp,num_layers-2_dropout-0.2,84,0.9844,0.9842,0.9846,0.9846,0.9842,0.9844,4923,77,79,4921
nomic512,512,mlp,num_layers-2_dropout-0.3,823,0.9830,0.9794,0.9866,0.9865,0.9794,0.9830,4933,67,103,4897
nomic512,512,mlp,num_layers-2_dropout-0.3,950,0.9851,0.9874,0.9828,0.9829,0.9874,0.9851,4914,86,63,4937
nomic512,512,mlp,num_layers-2_dropout-0.3,686,0.9839,0.9848,0.9830,0.9830,0.9848,0.9839,4915,85,76,4924
nomic512,512,mlp,num_layers-2_dropout-0.3,319,0.9844,0.9858,0.9830,0.9830,0.9858,0.9844,4915,85,71,4929
nomic512,512,mlp,num_layers-2_dropout-0.3,84,0.9846,0.9844,0.9848,0.9848,0.9844,0.9846,4924,76,78,4922
nomic512,512,mlp,num_layers-3_dropout-0.1,823,0.9879,0.9830,0.9928,0.9927,0.9830,0.9879,4964,36,85,4915
nomic512,512,mlp,num_layers-3_dropout-0.1,950,0.9885,0.9880,0.9890,0.9890,0.9880,0.9885,4945,55,60,4940
nomic512,512,mlp,num_layers-3_dropout-0.1,686,0.9885,0.9900,0.9870,0.9870,0.9900,0.9885,4935,65,50,4950
nomic512,512,mlp,num_layers-3_dropout-0.1,319,0.9897,0.9892,0.9902,0.9902,0.9892,0.9897,4951,49,54,4946
nomic512,512,mlp,num_layers-3_dropout-0.1,84,0.9890,0.9876,0.9904,0.9904,0.9876,0.9890,4952,48,62,4938
nomic512,512,mlp,num_layers-3_dropout-0.2,823,0.9878,0.9834,0.9922,0.9921,0.9834,0.9878,4961,39,83,4917
nomic512,512,mlp,num_layers-3_dropout-0.2,950,0.9886,0.9882,0.9890,0.9890,0.9882,0.9886,4945,55,59,4941
nomic512,512,mlp,num_layers-3_dropout-0.2,686,0.9883,0.9890,0.9876,0.9876,0.9890,0.9883,4938,62,55,4945
nomic512,512,mlp,num_layers-3_dropout-0.2,319,0.9896,0.9896,0.9896,0.9896,0.9896,0.9896,4948,52,52,4948
nomic512,512,mlp,num_layers-3_dropout-0.2,84,0.9885,0.9862,0.9908,0.9908,0.9862,0.9885,4954,46,69,4931
nomic512,512,mlp,num_layers-3_dropout-0.3,823,0.9880,0.9842,0.9918,0.9917,0.9842,0.9880,4959,41,79,4921
nomic512,512,mlp,num_layers-3_dropout-0.3,950,0.9882,0.9880,0.9884,0.9884,0.9880,0.9882,4942,58,60,4940
nomic512,512,mlp,num_layers-3_dropout-0.3,686,0.9880,0.9884,0.9876,0.9876,0.9884,0.9880,4938,62,58,4942
nomic512,512,mlp,num_layers-3_dropout-0.3,319,0.9898,0.9908,0.9888,0.9888,0.9908,0.9898,4944,56,46,4954
nomic512,512,mlp,num_layers-3_dropout-0.3,84,0.9885,0.9880,0.9890,0.9890,0.9880,0.9885,4945,55,60,4940
nomic64,64,svm,kernel-linear,823,0.9295,0.9382,0.9208,0.9222,0.9382,0.9295,4604,396,309,4691
nomic64,64,svm,kernel-poly,823,0.9714,0.9764,0.9664,0.9667,0.9764,0.9714,4832,168,118,4882
nomic64,64,svm,kernel-rbf,823,0.9673,0.9734,0.9612,0.9617,0.9734,0.9673,4806,194,133,4867
nomic64,64,svm,kernel-sigmoid,823,0.8672,0.8584,0.8760,0.8738,0.8584,0.8672,4380,620,708,4292
nomic64,64,logistic_regression,max_iter-50,823,0.9287,0.9334,0.9240,0.9247,0.9334,0.9287,4620,380,333,4667
nomic64,64,logistic_regression,max_iter-100,823,0.9287,0.9334,0.9240,0.9247,0.9334,0.9287,4620,380,333,4667
nomic64,64,logistic_regression,max_iter-500,823,0.9287,0.9334,0.9240,0.9247,0.9334,0.9287,4620,380,333,4667
nomic64,64,random_forest,n_estimators-80,823,0.9457,0.9436,0.9478,0.9476,0.9436,0.9457,4739,261,282,4718
nomic64,64,random_forest,n_estimators-80,950,0.9447,0.9448,0.9446,0.9446,0.9448,0.9447,4723,277,276,4724
nomic64,64,random_forest,n_estimators-80,686,0.9462,0.9460,0.9464,0.9464,0.9460,0.9462,4732,268,270,4730
nomic64,64,random_forest,n_estimators-80,319,0.9461,0.9428,0.9494,0.9491,0.9428,0.9461,4747,253,286,4714
nomic64,64,random_forest,n_estimators-80,84,0.9462,0.9432,0.9492,0.9489,0.9432,0.9462,4746,254,284,4716
nomic64,64,random_forest,n_estimators-100,823,0.9473,0.9452,0.9494,0.9492,0.9452,0.9473,4747,253,274,4726
nomic64,64,random_forest,n_estimators-100,950,0.9472,0.9474,0.9470,0.9470,0.9474,0.9472,4735,265,263,4737
nomic64,64,random_forest,n_estimators-100,686,0.9464,0.9454,0.9474,0.9473,0.9454,0.9464,4737,263,273,4727
nomic64,64,random_forest,n_estimators-100,319,0.9458,0.9426,0.9490,0.9487,0.9426,0.9458,4745,255,287,4713
nomic64,64,random_forest,n_estimators-100,84,0.9467,0.9442,0.9492,0.9489,0.9442,0.9467,4746,254,279,4721
nomic64,64,random_forest,n_estimators-200,823,0.9471,0.9458,0.9484,0.9483,0.9458,0.9471,4742,258,271,4729
nomic64,64,random_forest,n_estimators-200,950,0.9486,0.9478,0.9494,0.9493,0.9478,0.9486,4747,253,261,4739
nomic64,64,random_forest,n_estimators-200,686,0.9487,0.9476,0.9498,0.9497,0.9476,0.9487,4749,251,262,4738
nomic64,64,random_forest,n_estimators-200,319,0.9482,0.9472,0.9492,0.9491,0.9472,0.9482,4746,254,264,4736
nomic64,64,random_forest,n_estimators-200,84,0.9491,0.9474,0.9508,0.9506,0.9474,0.9491,4754,246,263,4737
nomic64,64,naive_bayes,none-n,823,0.8924,0.8936,0.8912,0.8915,0.8936,0.8924,4456,544,532,4468
nomic64,64,naive_bayes,none-o,823,0.8924,0.8936,0.8912,0.8915,0.8936,0.8924,4456,544,532,4468
nomic64,64,naive_bayes,none-n,823,0.8924,0.8936,0.8912,0.8915,0.8936,0.8924,4456,544,532,4468
nomic64,64,naive_bayes,none-e,823,0.8924,0.8936,0.8912,0.8915,0.8936,0.8924,4456,544,532,4468
nomic64,64,mlp,num_layers-2_dropout-0.1,823,0.9400,0.9448,0.9352,0.9358,0.9448,0.9400,4676,324,276,4724
nomic64,64,mlp,num_layers-2_dropout-0.1,950,0.9434,0.9506,0.9362,0.9371,0.9506,0.9434,4681,319,247,4753
nomic64,64,mlp,num_layers-2_dropout-0.1,686,0.9419,0.9498,0.9340,0.9350,0.9498,0.9419,4670,330,251,4749
nomic64,64,mlp,num_layers-2_dropout-0.1,319,0.9448,0.9494,0.9402,0.9407,0.9494,0.9448,4701,299,253,4747
nomic64,64,mlp,num_layers-2_dropout-0.1,84,0.9411,0.9508,0.9314,0.9327,0.9508,0.9411,4657,343,246,4754
nomic64,64,mlp,num_layers-2_dropout-0.2,823,0.9403,0.9444,0.9362,0.9367,0.9444,0.9403,4681,319,278,4722
nomic64,64,mlp,num_layers-2_dropout-0.2,950,0.9428,0.9496,0.9360,0.9369,0.9496,0.9428,4680,320,252,4748
nomic64,64,mlp,num_layers-2_dropout-0.2,686,0.9414,0.9492,0.9336,0.9346,0.9492,0.9414,4668,332,254,4746
nomic64,64,mlp,num_layers-2_dropout-0.2,319,0.9440,0.9500,0.9380,0.9387,0.9500,0.9440,4690,310,250,4750
nomic64,64,mlp,num_layers-2_dropout-0.2,84,0.9405,0.9490,0.9320,0.9331,0.9490,0.9405,4660,340,255,4745
nomic64,64,mlp,num_layers-2_dropout-0.3,823,0.9403,0.9450,0.9356,0.9362,0.9450,0.9403,4678,322,275,4725
nomic64,64,mlp,num_layers-2_dropout-0.3,950,0.9424,0.9488,0.9360,0.9368,0.9488,0.9424,4680,320,256,4744
nomic64,64,mlp,num_layers-2_dropout-0.3,686,0.9408,0.9484,0.9332,0.9342,0.9484,0.9408,4666,334,258,4742
nomic64,64,mlp,num_layers-2_dropout-0.3,319,0.9426,0.9480,0.9372,0.9379,0.9480,0.9426,4686,314,260,4740
nomic64,64,mlp,num_layers-2_dropout-0.3,84,0.9397,0.9464,0.9330,0.9339,0.9464,0.9397,4665,335,268,4732
nomic64,64,mlp,num_layers-3_dropout-0.1,823,0.9650,0.9702,0.9598,0.9602,0.9702,0.9650,4799,201,149,4851
nomic64,64,mlp,num_layers-3_dropout-0.1,950,0.9620,0.9618,0.9622,0.9622,0.9618,0.9620,4811,189,191,4809
nomic64,64,mlp,num_layers-3_dropout-0.1,686,0.9649,0.9684,0.9614,0.9617,0.9684,0.9649,4807,193,158,4842
nomic64,64,mlp,num_layers-3_dropout-0.1,319,0.9642,0.9650,0.9634,0.9635,0.9650,0.9642,4817,183,175,4825
nomic64,64,mlp,num_layers-3_dropout-0.1,84,0.9654,0.9688,0.9620,0.9623,0.9688,0.9654,4810,190,156,4844
nomic64,64,mlp,num_layers-3_dropout-0.2,823,0.9622,0.9688,0.9556,0.9562,0.9688,0.9622,4778,222,156,4844
nomic64,64,mlp,num_layers-3_dropout-0.2,950,0.9604,0.9632,0.9576,0.9578,0.9632,0.9604,4788,212,184,4816
nomic64,64,mlp,num_layers-3_dropout-0.2,686,0.9625,0.9674,0.9576,0.9580,0.9674,0.9625,4788,212,163,4837
nomic64,64,mlp,num_layers-3_dropout-0.2,319,0.9611,0.9628,0.9594,0.9595,0.9628,0.9611,4797,203,186,4814
nomic64,64,mlp,num_layers-3_dropout-0.2,84,0.9629,0.9680,0.9578,0.9582,0.9680,0.9629,4789,211,160,4840
nomic64,64,mlp,num_layers-3_dropout-0.3,823,0.9595,0.9662,0.9528,0.9534,0.9662,0.9595,4764,236,169,4831
nomic64,64,mlp,num_layers-3_dropout-0.3,950,0.9588,0.9650,0.9526,0.9532,0.9650,0.9588,4763,237,175,4825
nomic64,64,mlp,num_layers-3_dropout-0.3,686,0.9590,0.9670,0.9510,0.9518,0.9670,0.9590,4755,245,165,4835
nomic64,64,mlp,num_layers-3_dropout-0.3,319,0.9604,0.9642,0.9566,0.9569,0.9642,0.9604,4783,217,179,4821
nomic64,64,mlp,num_layers-3_dropout-0.3,84,0.9597,0.9654,0.9540,0.9545,0.9654,0.9597,4770,230,173,4827
nomic768,768,svm,kernel-linear,823,0.9866,0.9896,0.9836,0.9837,0.9896,0.9866,4918,82,52,4948
nomic768,768,svm,kernel-poly,823,0.9930,0.9950,0.9910,0.9910,0.9950,0.9930,4955,45,25,4975
nomic768,768,svm,kernel-rbf,823,0.9920,0.9944,0.9896,0.9896,0.9944,0.9920,4948,52,28,4972
nomic768,768,svm,kernel-sigmoid,823,0.9779,0.9810,0.9748,0.9750,0.9810,0.9779,4874,126,95,4905
nomic768,768,logistic_regression,max_iter-50,823,0.9810,0.9862,0.9758,0.9760,0.9862,0.9810,4879,121,69,4931
nomic768,768,logistic_regression,max_iter-100,823,0.9810,0.9862,0.9758,0.9760,0.9862,0.9810,4879,121,69,4931
nomic768,768,logistic_regression,max_iter-500,823,0.9810,0.9862,0.9758,0.9760,0.9862,0.9810,4879,121,69,4931
nomic768,768,random_forest,n_estimators-80,823,0.9747,0.9834,0.9660,0.9666,0.9834,0.9747,4830,170,83,4917
nomic768,768,random_forest,n_estimators-80,950,0.9765,0.9828,0.9702,0.9706,0.9828,0.9765,4851,149,86,4914
nomic768,768,random_forest,n_estimators-80,686,0.9724,0.9802,0.9646,0.9651,0.9802,0.9724,4823,177,99,4901
nomic768,768,random_forest,n_estimators-80,319,0.9752,0.9830,0.9674,0.9679,0.9830,0.9752,4837,163,85,4915
nomic768,768,random_forest,n_estimators-80,84,0.9758,0.9840,0.9676,0.9681,0.9840,0.9758,4838,162,80,4920
nomic768,768,random_forest,n_estimators-100,823,0.9758,0.9842,0.9674,0.9679,0.9842,0.9758,4837,163,79,4921
nomic768,768,random_forest,n_estimators-100,950,0.9766,0.9842,0.9690,0.9695,0.9842,0.9766,4845,155,79,4921
nomic768,768,random_forest,n_estimators-100,686,0.9731,0.9816,0.9646,0.9652,0.9816,0.9731,4823,177,92,4908
nomic768,768,random_forest,n_estimators-100,319,0.9758,0.9834,0.9682,0.9687,0.9834,0.9758,4841,159,83,4917
nomic768,768,random_forest,n_estimators-100,84,0.9756,0.9848,0.9664,0.9670,0.9848,0.9756,4832,168,76,4924
nomic768,768,random_forest,n_estimators-200,823,0.9768,0.9850,0.9686,0.9691,0.9850,0.9768,4843,157,75,4925
nomic768,768,random_forest,n_estimators-200,950,0.9772,0.9852,0.9692,0.9697,0.9852,0.9772,4846,154,74,4926
nomic768,768,random_forest,n_estimators-200,686,0.9755,0.9844,0.9666,0.9672,0.9844,0.9755,4833,167,78,4922
nomic768,768,random_forest,n_estimators-200,319,0.9769,0.9856,0.9682,0.9687,0.9856,0.9769,4841,159,72,4928
nomic768,768,random_forest,n_estimators-200,84,0.9759,0.9852,0.9666,0.9672,0.9852,0.9759,4833,167,74,4926
nomic768,768,naive_bayes,none-n,823,0.9458,0.9752,0.9164,0.9210,0.9752,0.9453,4582,418,124,4876
nomic768,768,naive_bayes,none-o,823,0.9458,0.9752,0.9164,0.9210,0.9752,0.9453,4582,418,124,4876
nomic768,768,naive_bayes,none-n,823,0.9458,0.9752,0.9164,0.9210,0.9752,0.9453,4582,418,124,4876
nomic768,768,naive_bayes,none-e,823,0.9458,0.9752,0.9164,0.9210,0.9752,0.9453,4582,418,124,4876
nomic768,768,mlp,num_layers-2_dropout-0.1,823,0.9865,0.9878,0.9852,0.9852,0.9878,0.9865,4926,74,61,4939
nomic768,768,mlp,num_layers-2_dropout-0.1,950,0.9871,0.9876,0.9866,0.9866,0.9876,0.9871,4933,67,62,4938
nomic768,768,mlp,num_layers-2_dropout-0.1,686,0.9869,0.9878,0.9860,0.9860,0.9878,0.9869,4930,70,61,4939
nomic768,768,mlp,num_layers-2_dropout-0.1,319,0.9865,0.9894,0.9836,0.9837,0.9894,0.9865,4918,82,53,4947
nomic768,768,mlp,num_layers-2_dropout-0.1,84,0.9868,0.9910,0.9826,0.9827,0.9910,0.9868,4913,87,45,4955
nomic768,768,mlp,num_layers-2_dropout-0.2,823,0.9862,0.9886,0.9838,0.9839,0.9886,0.9862,4919,81,57,4943
nomic768,768,mlp,num_layers-2_dropout-0.2,950,0.9874,0.9880,0.9868,0.9868,0.9880,0.9874,4934,66,60,4940
nomic768,768,mlp,num_layers-2_dropout-0.2,686,0.9865,0.9876,0.9854,0.9854,0.9876,0.9865,4927,73,62,4938
nomic768,768,mlp,num_layers-2_dropout-0.2,319,0.9863,0.9894,0.9832,0.9833,0.9894,0.9863,4916,84,53,4947
nomic768,768,mlp,num_layers-2_dropout-0.2,84,0.9870,0.9912,0.9828,0.9829,0.9912,0.9870,4914,86,44,4956
nomic768,768,mlp,num_layers-2_dropout-0.3,823,0.9860,0.9878,0.9842,0.9843,0.9878,0.9860,4921,79,61,4939
nomic768,768,mlp,num_layers-2_dropout-0.3,950,0.9865,0.9876,0.9854,0.9854,0.9876,0.9865,4927,73,62,4938
nomic768,768,mlp,num_layers-2_dropout-0.3,686,0.9858,0.9878,0.9838,0.9839,0.9878,0.9858,4919,81,61,4939
nomic768,768,mlp,num_layers-2_dropout-0.3,319,0.9860,0.9892,0.9828,0.9829,0.9892,0.9860,4914,86,54,4946
nomic768,768,mlp,num_layers-2_dropout-0.3,84,0.9865,0.9902,0.9828,0.9829,0.9902,0.9865,4914,86,49,4951
nomic768,768,mlp,num_layers-3_dropout-0.1,823,0.9903,0.9924,0.9882,0.9882,0.9924,0.9903,4941,59,38,4962
nomic768,768,mlp,num_layers-3_dropout-0.1,950,0.9892,0.9870,0.9914,0.9914,0.9870,0.9892,4957,43,65,4935
nomic768,768,mlp,num_layers-3_dropout-0.1,686,0.9894,0.9890,0.9898,0.9898,0.9890,0.9894,4949,51,55,4945
nomic768,768,mlp,num_layers-3_dropout-0.1,319,0.9902,0.9946,0.9858,0.9859,0.9946,0.9902,4929,71,27,4973
nomic768,768,mlp,num_layers-3_dropout-0.1,84,0.9896,0.9942,0.9850,0.9851,0.9942,0.9896,4925,75,29,4971
nomic768,768,mlp,num_layers-3_dropout-0.2,823,0.9901,0.9918,0.9884,0.9884,0.9918,0.9901,4942,58,41,4959
nomic768,768,mlp,num_layers-3_dropout-0.2,950,0.9899,0.9892,0.9906,0.9906,0.9892,0.9899,4953,47,54,4946
nomic768,768,mlp,num_layers-3_dropout-0.2,686,0.9893,0.9880,0.9906,0.9906,0.9880,0.9893,4953,47,60,4940
nomic768,768,mlp,num_layers-3_dropout-0.2,319,0.9896,0.9930,0.9862,0.9863,0.9930,0.9896,4931,69,35,4965
nomic768,768,mlp,num_layers-3_dropout-0.2,84,0.9893,0.9936,0.9850,0.9851,0.9936,0.9893,4925,75,32,4968
nomic768,768,mlp,num_layers-3_dropout-0.3,823,0.9899,0.9918,0.9880,0.9880,0.9918,0.9899,4940,60,41,4959
nomic768,768,mlp,num_layers-3_dropout-0.3,950,0.9898,0.9904,0.9892,0.9892,0.9904,0.9898,4946,54,48,4952
nomic768,768,mlp,num_layers-3_dropout-0.3,686,0.9889,0.9884,0.9894,0.9894,0.9884,0.9889,4947,53,58,4942
nomic768,768,mlp,num_layers-3_dropout-0.3,319,0.9890,0.9912,0.9868,0.9869,0.9912,0.9890,4934,66,44,4956
nomic768,768,mlp,num_layers-3_dropout-0.3,84,0.9887,0.9934,0.9840,0.9841,0.9934,0.9887,4920,80,33,4967
para,1024,svm,kernel-linear,823,0.9929,0.9912,0.9946,0.9946,0.9912,0.9929,4973,27,44,4956
para,1024,svm,kernel-poly,823,0.9956,0.9960,0.9952,0.9952,0.9960,0.9956,4976,24,20,4980
para,1024,svm,kernel-rbf,823,0.9967,0.9958,0.9976,0.9976,0.9958,0.9967,4988,12,21,4979
para,1024,svm,kernel-sigmoid,823,0.9831,0.9794,0.9868,0.9867,0.9794,0.9831,4934,66,103,4897
para,1024,logistic_regression,max_iter-50,823,0.9919,0.9902,0.9936,0.9936,0.9902,0.9919,4968,32,49,4951
para,1024,logistic_regression,max_iter-100,823,0.9919,0.9902,0.9936,0.9936,0.9902,0.9919,4968,32,49,4951
para,1024,logistic_regression,max_iter-500,823,0.9919,0.9902,0.9936,0.9936,0.9902,0.9919,4968,32,49,4951
para,1024,random_forest,n_estimators-80,823,0.9861,0.9894,0.9828,0.9829,0.9894,0.9861,4914,86,53,4947
para,1024,random_forest,n_estimators-80,950,0.9853,0.9898,0.9808,0.9810,0.9898,0.9853,4904,96,51,4949
para,1024,random_forest,n_estimators-80,686,0.9876,0.9904,0.9848,0.9849,0.9904,0.9876,4924,76,48,4952
para,1024,random_forest,n_estimators-80,319,0.9869,0.9898,0.9840,0.9841,0.9898,0.9869,4920,80,51,4949
para,1024,random_forest,n_estimators-80,84,0.9875,0.9908,0.9842,0.9843,0.9908,0.9875,4921,79,46,4954
para,1024,random_forest,n_estimators-100,823,0.9862,0.9906,0.9818,0.9820,0.9906,0.9862,4909,91,47,4953
para,1024,random_forest,n_estimators-100,950,0.9856,0.9896,0.9816,0.9817,0.9896,0.9856,4908,92,52,4948
para,1024,random_forest,n_estimators-100,686,0.9869,0.9902,0.9836,0.9837,0.9902,0.9869,4918,82,49,4951
para,1024,random_forest,n_estimators-100,319,0.9873,0.9904,0.9842,0.9843,0.9904,0.9873,4921,79,48,4952
para,1024,random_forest,n_estimators-100,84,0.9875,0.9900,0.9850,0.9851,0.9900,0.9875,4925,75,50,4950
para,1024,random_forest,n_estimators-200,823,0.9868,0.9910,0.9826,0.9827,0.9910,0.9868,4913,87,45,4955
para,1024,random_forest,n_estimators-200,950,0.9863,0.9902,0.9824,0.9825,0.9902,0.9863,4912,88,49,4951
para,1024,random_forest,n_estimators-200,686,0.9880,0.9910,0.9850,0.9851,0.9910,0.9880,4925,75,45,4955
para,1024,random_forest,n_estimators-200,319,0.9874,0.9910,0.9838,0.9839,0.9910,0.9874,4919,81,45,4955
para,1024,random_forest,n_estimators-200,84,0.9873,0.9898,0.9848,0.9849,0.9898,0.9873,4924,76,51,4949
para,1024,naive_bayes,none-n,823,0.9054,0.9870,0.8238,0.8485,0.9870,0.9017,4119,881,65,4935
para,1024,naive_bayes,none-o,823,0.9054,0.9870,0.8238,0.8485,0.9870,0.9017,4119,881,65,4935
para,1024,naive_bayes,none-n,823,0.9054,0.9870,0.8238,0.8485,0.9870,0.9017,4119,881,65,4935
para,1024,naive_bayes,none-e,823,0.9054,0.9870,0.8238,0.8485,0.9870,0.9017,4119,881,65,4935
para,1024,mlp,num_layers-2_dropout-0.1,823,0.9923,0.9920,0.9926,0.9926,0.9920,0.9923,4963,37,40,4960
para,1024,mlp,num_layers-2_dropout-0.1,950,0.9931,0.9926,0.9936,0.9936,0.9926,0.9931,4968,32,37,4963
para,1024,mlp,num_layers-2_dropout-0.1,686,0.9932,0.9934,0.9930,0.9930,0.9934,0.9932,4965,35,33,4967
para,1024,mlp,num_layers-2_dropout-0.1,319,0.9929,0.9910,0.9948,0.9948,0.9910,0.9929,4974,26,45,4955
para,1024,mlp,num_layers-2_dropout-0.1,84,0.9927,0.9916,0.9938,0.9938,0.9916,0.9927,4969,31,42,4958
para,1024,mlp,num_layers-2_dropout-0.2,823,0.9928,0.9924,0.9932,0.9932,0.9924,0.9928,4966,34,38,4962
para,1024,mlp,num_layers-2_dropout-0.2,950,0.9927,0.9920,0.9934,0.9934,0.9920,0.9927,4967,33,40,4960
para,1024,mlp,num_layers-2_dropout-0.2,686,0.9932,0.9930,0.9934,0.9934,0.9930,0.9932,4967,33,35,4965
para,1024,mlp,num_layers-2_dropout-0.2,319,0.9929,0.9910,0.9948,0.9948,0.9910,0.9929,4974,26,45,4955
para,1024,mlp,num_layers-2_dropout-0.2,84,0.9927,0.9914,0.9940,0.9940,0.9914,0.9927,4970,30,43,4957
para,1024,mlp,num_layers-2_dropout-0.3,823,0.9926,0.9922,0.9930,0.9930,0.9922,0.9926,4965,35,39,4961
para,1024,mlp,num_layers-2_dropout-0.3,950,0.9928,0.9920,0.9936,0.9936,0.9920,0.9928,4968,32,40,4960
para,1024,mlp,num_layers-2_dropout-0.3,686,0.9928,0.9924,0.9932,0.9932,0.9924,0.9928,4966,34,38,4962
para,1024,mlp,num_layers-2_dropout-0.3,319,0.9929,0.9908,0.9950,0.9950,0.9908,0.9929,4975,25,46,4954
para,1024,mlp,num_layers-2_dropout-0.3,84,0.9927,0.9916,0.9938,0.9938,0.9916,0.9927,4969,31,42,4958
para,1024,mlp,num_layers-3_dropout-0.1,823,0.9937,0.9960,0.9914,0.9914,0.9960,0.9937,4957,43,20,4980
para,1024,mlp,num_layers-3_dropout-0.1,950,0.9933,0.9952,0.9914,0.9914,0.9952,0.9933,4957,43,24,4976
para,1024,mlp,num_layers-3_dropout-0.1,686,0.9933,0.9958,0.9908,0.9908,0.9958,0.9933,4954,46,21,4979
para,1024,mlp,num_layers-3_dropout-0.1,319,0.9947,0.9938,0.9956,0.9956,0.9938,0.9947,4978,22,31,4969
para,1024,mlp,num_layers-3_dropout-0.1,84,0.9937,0.9948,0.9926,0.9926,0.9948,0.9937,4963,37,26,4974
para,1024,mlp,num_layers-3_dropout-0.2,823,0.9940,0.9960,0.9920,0.9920,0.9960,0.9940,4960,40,20,4980
para,1024,mlp,num_layers-3_dropout-0.2,950,0.9927,0.9960,0.9894,0.9895,0.9960,0.9927,4947,53,20,4980
para,1024,mlp,num_layers-3_dropout-0.2,686,0.9934,0.9954,0.9914,0.9914,0.9954,0.9934,4957,43,23,4977
para,1024,mlp,num_layers-3_dropout-0.2,319,0.9944,0.9932,0.9956,0.9956,0.9932,0.9944,4978,22,34,4966
para,1024,mlp,num_layers-3_dropout-0.2,84,0.9941,0.9948,0.9934,0.9934,0.9948,0.9941,4967,33,26,4974
para,1024,mlp,num_layers-3_dropout-0.3,823,0.9941,0.9958,0.9924,0.9924,0.9958,0.9941,4962,38,21,4979
para,1024,mlp,num_layers-3_dropout-0.3,950,0.9934,0.9960,0.9908,0.9908,0.9960,0.9934,4954,46,20,4980
para,1024,mlp,num_layers-3_dropout-0.3,686,0.9937,0.9958,0.9916,0.9916,0.9958,0.9937,4958,42,21,4979
para,1024,mlp,num_layers-3_dropout-0.3,319,0.9947,0.9938,0.9956,0.9956,0.9938,0.9947,4978,22,31,4969
para,1024,mlp,num_layers-3_dropout-0.3,84,0.9939,0.9944,0.9934,0.9934,0.9944,0.9939,4967,33,28,4972
