embedding,embedding_size,regressor,hyperparams,accuracy_mean,accuracy_min,accuracy_max,accuracy_std,tpr_mean,tpr_min,tpr_max,tpr_std,tnr_mean,tnr_min,tnr_max,tnr_std,precision_mean,precision_min,precision_max,precision_std,recall_mean,recall_min,recall_max,recall_std,g_mean_mean,g_mean_min,g_mean_max,g_mean_std,tn_mean,tn_min,tn_max,tn_std,fp_mean,fp_min,fp_max,fp_std,fn_mean,fn_min,fn_max,fn_std,tp_mean,tp_min,tp_max,tp_std
lml12,384,logistic_regression,max_iter-100,0.9721,0.9721,0.9721,,0.9768,0.9768,0.9768,,0.9674,0.9674,0.9674,,0.9677,0.9677,0.9677,,0.9768,0.9768,0.9768,,0.9721,0.9721,0.9721,,4837.0000,4837,4837,,163.0000,163,163,,116.0000,116,116,,4884.0000,4884,4884,
lml12,384,logistic_regression,max_iter-50,0.9721,0.9721,0.9721,,0.9768,0.9768,0.9768,,0.9674,0.9674,0.9674,,0.9677,0.9677,0.9677,,0.9768,0.9768,0.9768,,0.9721,0.9721,0.9721,,4837.0000,4837,4837,,163.0000,163,163,,116.0000,116,116,,4884.0000,4884,4884,
lml12,384,logistic_regression,max_iter-500,0.9721,0.9721,0.9721,,0.9768,0.9768,0.9768,,0.9674,0.9674,0.9674,,0.9677,0.9677,0.9677,,0.9768,0.9768,0.9768,,0.9721,0.9721,0.9721,,4837.0000,4837,4837,,163.0000,163,163,,116.0000,116,116,,4884.0000,4884,4884,
lml12,384,mlp,num_layers-2_dropout-0.1,0.9774,0.9768,0.9782,0.0006,0.9820,0.9798,0.9842,0.0016,0.9727,0.9694,0.9746,0.0023,0.9730,0.9698,0.9748,0.0022,0.9820,0.9798,0.9842,0.0016,0.9774,0.9768,0.9782,0.0006,4863.6000,4847,4873,11.5456,136.4000,127,153,11.5456,89.8000,79,101,7.9498,4910.2000,4899,4921,7.9498
lml12,384,mlp,num_layers-2_dropout-0.2,0.9771,0.9767,0.9782,0.0006,0.9814,0.9788,0.9836,0.0018,0.9728,0.9700,0.9746,0.0021,0.9730,0.9704,0.9748,0.0020,0.9814,0.9788,0.9836,0.0018,0.9771,0.9767,0.9782,0.0006,4864.0000,4850,4873,10.4642,136.0000,127,150,10.4642,93.2000,82,106,9.1488,4906.8000,4894,4918,9.1488
lml12,384,mlp,num_layers-2_dropout-0.3,0.9768,0.9760,0.9781,0.0009,0.9811,0.9784,0.9828,0.0017,0.9724,0.9698,0.9742,0.0022,0.9727,0.9702,0.9744,0.0021,0.9811,0.9784,0.9828,0.0017,0.9767,0.9760,0.9781,0.0009,4862.2000,4849,4871,11.1893,137.8000,129,151,11.1893,94.6000,86,108,8.6487,4905.4000,4892,4914,8.6487
lml12,384,mlp,num_layers-3_dropout-0.1,0.9839,0.9832,0.9843,0.0005,0.9870,0.9848,0.9886,0.0015,0.9808,0.9800,0.9822,0.0009,0.9809,0.9802,0.9822,0.0008,0.9870,0.9848,0.9886,0.0015,0.9839,0.9832,0.9843,0.0005,4903.8000,4900,4911,4.4385,96.2000,89,100,4.4385,65.2000,57,76,7.6942,4934.8000,4924,4943,7.6942
lml12,384,mlp,num_layers-3_dropout-0.2,0.9832,0.9825,0.9840,0.0006,0.9861,0.9832,0.9888,0.0022,0.9804,0.9792,0.9818,0.0012,0.9805,0.9794,0.9818,0.0011,0.9861,0.9832,0.9888,0.0022,0.9832,0.9825,0.9840,0.0006,4901.8000,4896,4909,6.0581,98.2000,91,104,6.0581,69.4000,56,84,10.8536,4930.6000,4916,4944,10.8536
lml12,384,mlp,num_layers-3_dropout-0.3,0.9824,0.9818,0.9834,0.0007,0.9853,0.9836,0.9874,0.0016,0.9795,0.9782,0.9804,0.0009,0.9796,0.9784,0.9805,0.0009,0.9853,0.9836,0.9874,0.0016,0.9824,0.9818,0.9834,0.0007,4897.4000,4891,4902,4.7223,102.6000,98,109,4.7223,73.4000,63,82,8.2037,4926.6000,4918,4937,8.2037
lml12,384,naive_bayes,none-e,0.9362,0.9362,0.9362,,0.9688,0.9688,0.9688,,0.9036,0.9036,0.9036,,0.9095,0.9095,0.9095,,0.9688,0.9688,0.9688,,0.9356,0.9356,0.9356,,4518.0000,4518,4518,,482.0000,482,482,,156.0000,156,156,,4844.0000,4844,4844,
lml12,384,naive_bayes,none-n,0.9362,0.9362,0.9362,0.0000,0.9688,0.9688,0.9688,0.0000,0.9036,0.9036,0.9036,0.0000,0.9095,0.9095,0.9095,0.0000,0.9688,0.9688,0.9688,0.0000,0.9356,0.9356,0.9356,0.0000,4518.0000,4518,4518,0.0000,482.0000,482,482,0.0000,156.0000,156,156,0.0000,4844.0000,4844,4844,0.0000
lml12,384,naive_bayes,none-o,0.9362,0.9362,0.9362,,0.9688,0.9688,0.9688,,0.9036,0.9036,0.9036,,0.9095,0.9095,0.9095,,0.9688,0.9688,0.9688,,0.9356,0.9356,0.9356,,4518.0000,4518,4518,,482.0000,482,482,,156.0000,156,156,,4844.0000,4844,4844,
lml12,384,random_forest,n_estimators-100,0.9608,0.9602,0.9616,0.0005,0.9643,0.9634,0.9646,0.0005,0.9573,0.9562,0.9598,0.0014,0.9576,0.9565,0.9599,0.0013,0.9643,0.9634,0.9646,0.0005,0.9608,0.9602,0.9616,0.0005,4786.6000,4781,4799,7.1274,213.4000,201,219,7.1274,178.6000,177,183,2.6077,4821.4000,4817,4823,2.6077
lml12,384,random_forest,n_estimators-200,0.9611,0.9604,0.9618,0.0005,0.9656,0.9644,0.9664,0.0009,0.9566,0.9560,0.9572,0.0005,0.9570,0.9565,0.9576,0.0005,0.9656,0.9644,0.9664,0.0009,0.9611,0.9604,0.9618,0.0005,4783.2000,4780,4786,2.6833,216.8000,214,220,2.6833,172.0000,168,178,4.6904,4828.0000,4822,4832,4.6904
lml12,384,random_forest,n_estimators-80,0.9611,0.9607,0.9615,0.0003,0.9642,0.9624,0.9652,0.0014,0.9580,0.9566,0.9594,0.0010,0.9583,0.9570,0.9595,0.0009,0.9642,0.9624,0.9652,0.0014,0.9611,0.9607,0.9615,0.0003,4790.0000,4783,4797,5.1478,210.0000,203,217,5.1478,179.2000,174,188,6.7602,4820.8000,4812,4826,6.7602
lml12,384,svm,kernel-linear,0.9763,0.9763,0.9763,,0.9796,0.9796,0.9796,,0.9730,0.9730,0.9730,,0.9732,0.9732,0.9732,,0.9796,0.9796,0.9796,,0.9763,0.9763,0.9763,,4865.0000,4865,4865,,135.0000,135,135,,102.0000,102,102,,4898.0000,4898,4898,
lml12,384,svm,kernel-poly,0.9876,0.9876,0.9876,,0.9902,0.9902,0.9902,,0.9850,0.9850,0.9850,,0.9851,0.9851,0.9851,,0.9902,0.9902,0.9902,,0.9876,0.9876,0.9876,,4925.0000,4925,4925,,75.0000,75,75,,49.0000,49,49,,4951.0000,4951,4951,
lml12,384,svm,kernel-rbf,0.9849,0.9849,0.9849,,0.9884,0.9884,0.9884,,0.9814,0.9814,0.9814,,0.9815,0.9815,0.9815,,0.9884,0.9884,0.9884,,0.9849,0.9849,0.9849,,4907.0000,4907,4907,,93.0000,93,93,,58.0000,58,58,,4942.0000,4942,4942,
lml12,384,svm,kernel-sigmoid,0.9539,0.9539,0.9539,,0.9518,0.9518,0.9518,,0.9560,0.9560,0.9560,,0.9558,0.9558,0.9558,,0.9518,0.9518,0.9518,,0.9539,0.9539,0.9539,,4780.0000,4780,4780,,220.0000,220,220,,241.0000,241,241,,4759.0000,4759,4759,
lml6,384,logistic_regression,max_iter-100,0.9717,0.9717,0.9717,,0.9796,0.9796,0.9796,,0.9638,0.9638,0.9638,,0.9644,0.9644,0.9644,,0.9796,0.9796,0.9796,,0.9717,0.9717,0.9717,,4819.0000,4819,4819,,181.0000,181,181,,102.0000,102,102,,4898.0000,4898,4898,
lml6,384,logistic_regression,max_iter-50,0.9717,0.9717,0.9717,,0.9796,0.9796,0.9796,,0.9638,0.9638,0.9638,,0.9644,0.9644,0.9644,,0.9796,0.9796,0.9796,,0.9717,0.9717,0.9717,,4819.0000,4819,4819,,181.0000,181,181,,102.0000,102,102,,4898.0000,4898,4898,
lml6,384,logistic_regression,max_iter-500,0.9717,0.9717,0.9717,,0.9796,0.9796,0.9796,,0.9638,0.9638,0.9638,,0.9644,0.9644,0.9644,,0.9796,0.9796,0.9796,,0.9717,0.9717,0.9717,,4819.0000,4819,4819,,181.0000,181,181,,102.0000,102,102,,4898.0000,4898,4898,
lml6,384,mlp,num_layers-2_dropout-0.1,0.9762,0.9759,0.9764,0.0002,0.9820,0.9808,0.9838,0.0012,0.9704,0.9680,0.9718,0.0016,0.9707,0.9685,0.9721,0.0015,0.9820,0.9808,0.9838,0.0012,0.9762,0.9759,0.9764,0.0002,4852.0000,4840,4859,7.7782,148.0000,141,160,7.7782,89.8000,81,96,5.9749,4910.2000,4904,4919,5.9749
lml6,384,mlp,num_layers-2_dropout-0.2,0.9762,0.9761,0.9765,0.0002,0.9823,0.9812,0.9838,0.0010,0.9702,0.9684,0.9714,0.0012,0.9706,0.9689,0.9717,0.0011,0.9823,0.9812,0.9838,0.0010,0.9762,0.9761,0.9765,0.0002,4851.0000,4842,4857,5.8737,149.0000,143,158,5.8737,88.6000,81,94,5.0299,4911.4000,4906,4919,5.0299
lml6,384,mlp,num_layers-2_dropout-0.3,0.9758,0.9754,0.9761,0.0003,0.9818,0.9810,0.9834,0.0009,0.9697,0.9680,0.9710,0.0012,0.9701,0.9685,0.9713,0.0011,0.9818,0.9810,0.9834,0.0009,0.9757,0.9754,0.9761,0.0003,4848.6000,4840,4855,6.0249,151.4000,145,160,6.0249,91.0000,83,95,4.7434,4909.0000,4905,4917,4.7434
lml6,384,mlp,num_layers-3_dropout-0.1,0.9820,0.9812,0.9831,0.0007,0.9858,0.9840,0.9874,0.0014,0.9782,0.9750,0.9800,0.0019,0.9784,0.9753,0.9801,0.0019,0.9858,0.9840,0.9874,0.0014,0.9820,0.9812,0.9831,0.0007,4891.2000,4875,4900,9.7314,108.8000,100,125,9.7314,71.2000,63,80,6.7602,4928.8000,4920,4937,6.7602
lml6,384,mlp,num_layers-3_dropout-0.2,0.9816,0.9797,0.9827,0.0012,0.9862,0.9854,0.9874,0.0008,0.9769,0.9728,0.9790,0.0025,0.9771,0.9732,0.9791,0.0024,0.9862,0.9854,0.9874,0.0008,0.9815,0.9797,0.9827,0.0012,4884.4000,4864,4895,12.5419,115.6000,105,136,12.5419,68.8000,63,73,3.8987,4931.2000,4927,4937,3.8987
lml6,384,mlp,num_layers-3_dropout-0.3,0.9808,0.9794,0.9819,0.0010,0.9854,0.9846,0.9866,0.0008,0.9762,0.9730,0.9790,0.0022,0.9764,0.9733,0.9791,0.0021,0.9854,0.9846,0.9866,0.0008,0.9808,0.9794,0.9819,0.0010,4880.8000,4865,4895,10.8259,119.2000,105,135,10.8259,73.0000,67,77,4.0620,4927.0000,4923,4933,4.0620
lml6,384,naive_bayes,none-e,0.9230,0.9230,0.9230,,0.9890,0.9890,0.9890,,0.8570,0.8570,0.8570,,0.8737,0.8737,0.8737,,0.9890,0.9890,0.9890,,0.9206,0.9206,0.9206,,4285.0000,4285,4285,,715.0000,715,715,,55.0000,55,55,,4945.0000,4945,4945,
lml6,384,naive_bayes,none-n,0.9230,0.9230,0.9230,0.0000,0.9890,0.9890,0.9890,0.0000,0.8570,0.8570,0.8570,0.0000,0.8737,0.8737,0.8737,0.0000,0.9890,0.9890,0.9890,0.0000,0.9206,0.9206,0.9206,0.0000,4285.0000,4285,4285,0.0000,715.0000,715,715,0.0000,55.0000,55,55,0.0000,4945.0000,4945,4945,0.0000
lml6,384,naive_bayes,none-o,0.9230,0.9230,0.9230,,0.9890,0.9890,0.9890,,0.8570,0.8570,0.8570,,0.8737,0.8737,0.8737,,0.9890,0.9890,0.9890,,0.9206,0.9206,0.9206,,4285.0000,4285,4285,,715.0000,715,715,,55.0000,55,55,,4945.0000,4945,4945,
lml6,384,random_forest,n_estimators-100,0.9627,0.9614,0.9640,0.0009,0.9798,0.9788,0.9812,0.0010,0.9456,0.9440,0.9486,0.0018,0.9474,0.9459,0.9501,0.0017,0.9798,0.9788,0.9812,0.0010,0.9625,0.9612,0.9639,0.0010,4727.8000,4720,4743,9.0940,272.2000,257,280,9.0940,101.0000,94,106,5.2440,4899.0000,4894,4906,5.2440
lml6,384,random_forest,n_estimators-200,0.9634,0.9623,0.9640,0.0007,0.9808,0.9798,0.9822,0.0010,0.9460,0.9444,0.9476,0.0011,0.9478,0.9463,0.9493,0.0010,0.9808,0.9798,0.9822,0.0010,0.9633,0.9621,0.9639,0.0008,4730.0000,4722,4738,5.7009,270.0000,262,278,5.7009,95.8000,89,101,5.0695,4904.2000,4899,4911,5.0695
lml6,384,random_forest,n_estimators-80,0.9620,0.9613,0.9624,0.0005,0.9783,0.9766,0.9804,0.0015,0.9456,0.9444,0.9474,0.0013,0.9474,0.9463,0.9489,0.0011,0.9783,0.9766,0.9804,0.0015,0.9618,0.9612,0.9623,0.0004,4728.2000,4722,4737,6.3403,271.8000,263,278,6.3403,108.4000,98,117,7.7330,4891.6000,4883,4902,7.7330
lml6,384,svm,kernel-linear,0.9759,0.9759,0.9759,,0.9826,0.9826,0.9826,,0.9692,0.9692,0.9692,,0.9696,0.9696,0.9696,,0.9826,0.9826,0.9826,,0.9759,0.9759,0.9759,,4846.0000,4846,4846,,154.0000,154,154,,87.0000,87,87,,4913.0000,4913,4913,
lml6,384,svm,kernel-poly,0.9883,0.9883,0.9883,,0.9926,0.9926,0.9926,,0.9840,0.9840,0.9840,,0.9841,0.9841,0.9841,,0.9926,0.9926,0.9926,,0.9883,0.9883,0.9883,,4920.0000,4920,4920,,80.0000,80,80,,37.0000,37,37,,4963.0000,4963,4963,
lml6,384,svm,kernel-rbf,0.9862,0.9862,0.9862,,0.9900,0.9900,0.9900,,0.9824,0.9824,0.9824,,0.9825,0.9825,0.9825,,0.9900,0.9900,0.9900,,0.9862,0.9862,0.9862,,4912.0000,4912,4912,,88.0000,88,88,,50.0000,50,50,,4950.0000,4950,4950,
lml6,384,svm,kernel-sigmoid,0.9572,0.9572,0.9572,,0.9592,0.9592,0.9592,,0.9552,0.9552,0.9552,,0.9554,0.9554,0.9554,,0.9592,0.9592,0.9592,,0.9572,0.9572,0.9572,,4776.0000,4776,4776,,224.0000,224,224,,204.0000,204,204,,4796.0000,4796,4796,
mpnet,768,logistic_regression,max_iter-100,0.9731,0.9731,0.9731,,0.9760,0.9760,0.9760,,0.9702,0.9702,0.9702,,0.9704,0.9704,0.9704,,0.9760,0.9760,0.9760,,0.9731,0.9731,0.9731,,4851.0000,4851,4851,,149.0000,149,149,,120.0000,120,120,,4880.0000,4880,4880,
mpnet,768,logistic_regression,max_iter-50,0.9731,0.9731,0.9731,,0.9760,0.9760,0.9760,,0.9702,0.9702,0.9702,,0.9704,0.9704,0.9704,,0.9760,0.9760,0.9760,,0.9731,0.9731,0.9731,,4851.0000,4851,4851,,149.0000,149,149,,120.0000,120,120,,4880.0000,4880,4880,
mpnet,768,logistic_regression,max_iter-500,0.9731,0.9731,0.9731,,0.9760,0.9760,0.9760,,0.9702,0.9702,0.9702,,0.9704,0.9704,0.9704,,0.9760,0.9760,0.9760,,0.9731,0.9731,0.9731,,4851.0000,4851,4851,,149.0000,149,149,,120.0000,120,120,,4880.0000,4880,4880,
mpnet,768,mlp,num_layers-2_dropout-0.1,0.9786,0.9782,0.9791,0.0004,0.9784,0.9764,0.9796,0.0013,0.9787,0.9768,0.9802,0.0014,0.9787,0.9769,0.9801,0.0013,0.9784,0.9764,0.9796,0.0013,0.9786,0.9782,0.9791,0.0004,4893.6000,4884,4901,6.9498,106.4000,99,116,6.9498,108.0000,102,118,6.2849,4892.0000,4882,4898,6.2849
mpnet,768,mlp,num_layers-2_dropout-0.2,0.9784,0.9780,0.9791,0.0004,0.9784,0.9766,0.9796,0.0011,0.9785,0.9770,0.9800,0.0011,0.9785,0.9770,0.9799,0.0010,0.9784,0.9766,0.9796,0.0011,0.9784,0.9780,0.9791,0.0004,4892.6000,4885,4900,5.4129,107.4000,100,115,5.4129,108.2000,102,117,5.6303,4891.8000,4883,4898,5.6303
mpnet,768,mlp,num_layers-2_dropout-0.3,0.9781,0.9773,0.9786,0.0006,0.9784,0.9770,0.9792,0.0009,0.9778,0.9754,0.9794,0.0015,0.9778,0.9755,0.9794,0.0015,0.9784,0.9770,0.9792,0.0009,0.9781,0.9773,0.9786,0.0006,4888.8000,4877,4897,7.6942,111.2000,103,123,7.6942,107.8000,104,115,4.3243,4892.2000,4885,4896,4.3243
mpnet,768,mlp,num_layers-3_dropout-0.1,0.9841,0.9834,0.9849,0.0006,0.9848,0.9830,0.9870,0.0016,0.9834,0.9816,0.9848,0.0012,0.9834,0.9817,0.9848,0.0012,0.9848,0.9830,0.9870,0.0016,0.9841,0.9834,0.9849,0.0006,4917.0000,4908,4924,6.1644,83.0000,76,92,6.1644,76.0000,65,85,7.9373,4924.0000,4915,4935,7.9373
mpnet,768,mlp,num_layers-3_dropout-0.2,0.9840,0.9837,0.9847,0.0004,0.9846,0.9820,0.9872,0.0020,0.9834,0.9818,0.9858,0.0016,0.9835,0.9819,0.9857,0.0015,0.9846,0.9820,0.9872,0.0020,0.9840,0.9837,0.9847,0.0004,4917.2000,4909,4929,7.8867,82.8000,71,91,7.8867,77.2000,64,90,9.7826,4922.8000,4910,4936,9.7826
mpnet,768,mlp,num_layers-3_dropout-0.3,0.9834,0.9828,0.9842,0.0006,0.9842,0.9820,0.9864,0.0018,0.9827,0.9820,0.9836,0.0006,0.9827,0.9821,0.9836,0.0006,0.9842,0.9820,0.9864,0.0018,0.9834,0.9828,0.9842,0.0006,4913.6000,4910,4918,3.0496,86.4000,82,90,3.0496,79.2000,68,90,9.0388,4920.8000,4910,4932,9.0388
mpnet,768,naive_bayes,none-e,0.9201,0.9201,0.9201,,0.9168,0.9168,0.9168,,0.9234,0.9234,0.9234,,0.9229,0.9229,0.9229,,0.9168,0.9168,0.9168,,0.9201,0.9201,0.9201,,4617.0000,4617,4617,,383.0000,383,383,,416.0000,416,416,,4584.0000,4584,4584,
mpnet,768,naive_bayes,none-n,0.9201,0.9201,0.9201,0.0000,0.9168,0.9168,0.9168,0.0000,0.9234,0.9234,0.9234,0.0000,0.9229,0.9229,0.9229,0.0000,0.9168,0.9168,0.9168,0.0000,0.9201,0.9201,0.9201,0.0000,4617.0000,4617,4617,0.0000,383.0000,383,383,0.0000,416.0000,416,416,0.0000,4584.0000,4584,4584,0.0000
mpnet,768,naive_bayes,none-o,0.9201,0.9201,0.9201,,0.9168,0.9168,0.9168,,0.9234,0.9234,0.9234,,0.9229,0.9229,0.9229,,0.9168,0.9168,0.9168,,0.9201,0.9201,0.9201,,4617.0000,4617,4617,,383.0000,383,383,,416.0000,416,416,,4584.0000,4584,4584,
mpnet,768,random_forest,n_estimators-100,0.9662,0.9644,0.9674,0.0012,0.9642,0.9600,0.9660,0.0024,0.9682,0.9648,0.9700,0.0020,0.9680,0.9648,0.9698,0.0019,0.9642,0.9600,0.9660,0.0024,0.9662,0.9644,0.9674,0.0012,4840.8000,4824,4850,10.0598,159.2000,150,176,10.0598,179.2000,170,200,11.8617,4820.8000,4800,4830,11.8617
mpnet,768,random_forest,n_estimators-200,0.9678,0.9669,0.9689,0.0007,0.9670,0.9652,0.9684,0.0012,0.9686,0.9678,0.9694,0.0006,0.9685,0.9678,0.9694,0.0006,0.9670,0.9652,0.9684,0.0012,0.9678,0.9669,0.9689,0.0007,4842.8000,4839,4847,2.8636,157.2000,153,161,2.8636,165.0000,158,174,5.7879,4835.0000,4826,4842,5.7879
mpnet,768,random_forest,n_estimators-80,0.9657,0.9647,0.9677,0.0012,0.9629,0.9606,0.9648,0.0019,0.9684,0.9658,0.9706,0.0018,0.9683,0.9658,0.9704,0.0017,0.9629,0.9606,0.9648,0.0019,0.9657,0.9647,0.9677,0.0012,4842.2000,4829,4853,8.7579,157.8000,147,171,8.7579,185.4000,176,197,9.2898,4814.6000,4803,4824,9.2898
mpnet,768,svm,kernel-linear,0.9796,0.9796,0.9796,,0.9814,0.9814,0.9814,,0.9778,0.9778,0.9778,,0.9779,0.9779,0.9779,,0.9814,0.9814,0.9814,,0.9796,0.9796,0.9796,,4889.0000,4889,4889,,111.0000,111,111,,93.0000,93,93,,4907.0000,4907,4907,
mpnet,768,svm,kernel-poly,0.9885,0.9885,0.9885,,0.9878,0.9878,0.9878,,0.9892,0.9892,0.9892,,0.9892,0.9892,0.9892,,0.9878,0.9878,0.9878,,0.9885,0.9885,0.9885,,4946.0000,4946,4946,,54.0000,54,54,,61.0000,61,61,,4939.0000,4939,4939,
mpnet,768,svm,kernel-rbf,0.9870,0.9870,0.9870,,0.9886,0.9886,0.9886,,0.9854,0.9854,0.9854,,0.9854,0.9854,0.9854,,0.9886,0.9886,0.9886,,0.9870,0.9870,0.9870,,4927.0000,4927,4927,,73.0000,73,73,,57.0000,57,57,,4943.0000,4943,4943,
mpnet,768,svm,kernel-sigmoid,0.9553,0.9553,0.9553,,0.9556,0.9556,0.9556,,0.9550,0.9550,0.9550,,0.9550,0.9550,0.9550,,0.9556,0.9556,0.9556,,0.9553,0.9553,0.9553,,4775.0000,4775,4775,,225.0000,225,225,,222.0000,222,222,,4778.0000,4778,4778,
mxbai,64,logistic_regression,max_iter-100,0.9305,0.9305,0.9305,,0.9340,0.9340,0.9340,,0.9270,0.9270,0.9270,,0.9275,0.9275,0.9275,,0.9340,0.9340,0.9340,,0.9305,0.9305,0.9305,,4635.0000,4635,4635,,365.0000,365,365,,330.0000,330,330,,4670.0000,4670,4670,
mxbai,64,logistic_regression,max_iter-50,0.9305,0.9305,0.9305,,0.9340,0.9340,0.9340,,0.9270,0.9270,0.9270,,0.9275,0.9275,0.9275,,0.9340,0.9340,0.9340,,0.9305,0.9305,0.9305,,4635.0000,4635,4635,,365.0000,365,365,,330.0000,330,330,,4670.0000,4670,4670,
mxbai,64,logistic_regression,max_iter-500,0.9305,0.9305,0.9305,,0.9340,0.9340,0.9340,,0.9270,0.9270,0.9270,,0.9275,0.9275,0.9275,,0.9340,0.9340,0.9340,,0.9305,0.9305,0.9305,,4635.0000,4635,4635,,365.0000,365,365,,330.0000,330,330,,4670.0000,4670,4670,
mxbai,64,mlp,num_layers-2_dropout-0.1,0.9423,0.9413,0.9433,0.0007,0.9474,0.9434,0.9504,0.0028,0.9371,0.9336,0.9392,0.0021,0.9378,0.9347,0.9395,0.0018,0.9474,0.9434,0.9504,0.0028,0.9422,0.9413,0.9433,0.0007,4685.6000,4668,4696,10.5972,314.4000,304,332,10.5972,263.0000,248,283,13.9463,4737.0000,4717,4752,13.9463
mxbai,64,mlp,num_layers-2_dropout-0.2,0.9418,0.9406,0.9438,0.0013,0.9473,0.9440,0.9502,0.0029,0.9362,0.9338,0.9374,0.0014,0.9369,0.9349,0.9382,0.0013,0.9473,0.9440,0.9502,0.0029,0.9418,0.9406,0.9438,0.0013,4681.2000,4669,4687,7.2250,318.8000,313,331,7.2250,263.4000,249,280,14.3631,4736.6000,4720,4751,14.3631
mxbai,64,mlp,num_layers-2_dropout-0.3,0.9411,0.9401,0.9427,0.0011,0.9472,0.9448,0.9498,0.0023,0.9349,0.9338,0.9360,0.0010,0.9357,0.9348,0.9367,0.0009,0.9472,0.9448,0.9498,0.0023,0.9410,0.9401,0.9427,0.0011,4674.4000,4669,4680,4.8785,325.6000,320,331,4.8785,263.8000,251,276,11.5845,4736.2000,4724,4749,11.5845
mxbai,64,mlp,num_layers-3_dropout-0.1,0.9593,0.9585,0.9604,0.0010,0.9669,0.9636,0.9716,0.0034,0.9517,0.9458,0.9572,0.0041,0.9525,0.9472,0.9575,0.0037,0.9669,0.9636,0.9716,0.0034,0.9593,0.9585,0.9604,0.0010,4758.6000,4729,4786,20.3052,241.4000,214,271,20.3052,165.4000,142,182,16.8167,4834.6000,4818,4858,16.8167
mxbai,64,mlp,num_layers-3_dropout-0.2,0.9580,0.9570,0.9594,0.0009,0.9659,0.9624,0.9706,0.0030,0.9501,0.9434,0.9532,0.0039,0.9509,0.9449,0.9536,0.0035,0.9659,0.9624,0.9706,0.0030,0.9579,0.9569,0.9594,0.0009,4750.4000,4717,4766,19.5780,249.6000,234,283,19.5780,170.6000,147,188,14.9766,4829.4000,4812,4853,14.9766
mxbai,64,mlp,num_layers-3_dropout-0.3,0.9553,0.9532,0.9572,0.0015,0.9624,0.9606,0.9646,0.0016,0.9483,0.9418,0.9512,0.0038,0.9490,0.9431,0.9518,0.0034,0.9624,0.9606,0.9646,0.0016,0.9553,0.9531,0.9572,0.0015,4741.4000,4709,4756,18.7697,258.6000,244,291,18.7697,188.2000,177,197,7.7910,4811.8000,4803,4823,7.7910
mxbai,64,naive_bayes,none-e,0.9103,0.9103,0.9103,,0.9282,0.9282,0.9282,,0.8924,0.8924,0.8924,,0.8961,0.8961,0.8961,,0.9282,0.9282,0.9282,,0.9101,0.9101,0.9101,,4462.0000,4462,4462,,538.0000,538,538,,359.0000,359,359,,4641.0000,4641,4641,
mxbai,64,naive_bayes,none-n,0.9103,0.9103,0.9103,0.0000,0.9282,0.9282,0.9282,0.0000,0.8924,0.8924,0.8924,0.0000,0.8961,0.8961,0.8961,0.0000,0.9282,0.9282,0.9282,0.0000,0.9101,0.9101,0.9101,0.0000,4462.0000,4462,4462,0.0000,538.0000,538,538,0.0000,359.0000,359,359,0.0000,4641.0000,4641,4641,0.0000
mxbai,64,naive_bayes,none-o,0.9103,0.9103,0.9103,,0.9282,0.9282,0.9282,,0.8924,0.8924,0.8924,,0.8961,0.8961,0.8961,,0.9282,0.9282,0.9282,,0.9101,0.9101,0.9101,,4462.0000,4462,4462,,538.0000,538,538,,359.0000,359,359,,4641.0000,4641,4641,
mxbai,64,random_forest,n_estimators-100,0.9443,0.9424,0.9456,0.0012,0.9536,0.9512,0.9552,0.0015,0.9350,0.9336,0.9376,0.0016,0.9362,0.9347,0.9386,0.0015,0.9536,0.9512,0.9552,0.0015,0.9443,0.9424,0.9456,0.0012,4675.2000,4668,4688,8.0747,324.8000,312,332,8.0747,231.8000,224,244,7.4297,4768.2000,4756,4776,7.4297
mxbai,64,random_forest,n_estimators-200,0.9460,0.9450,0.9470,0.0009,0.9571,0.9564,0.9582,0.0007,0.9348,0.9330,0.9370,0.0017,0.9363,0.9346,0.9382,0.0015,0.9571,0.9564,0.9582,0.0007,0.9459,0.9449,0.9469,0.0009,4674.2000,4665,4685,8.2885,325.8000,315,335,8.2885,214.4000,209,218,3.3615,4785.6000,4782,4791,3.3615
mxbai,64,random_forest,n_estimators-80,0.9439,0.9435,0.9442,0.0003,0.9528,0.9516,0.9546,0.0013,0.9350,0.9338,0.9364,0.0010,0.9361,0.9351,0.9374,0.0009,0.9528,0.9516,0.9546,0.0013,0.9438,0.9435,0.9441,0.0003,4675.0000,4669,4682,5.2440,325.0000,318,331,5.2440,236.2000,227,242,6.4187,4763.8000,4758,4773,6.4187
mxbai,64,svm,kernel-linear,0.9324,0.9324,0.9324,,0.9380,0.9380,0.9380,,0.9268,0.9268,0.9268,,0.9276,0.9276,0.9276,,0.9380,0.9380,0.9380,,0.9324,0.9324,0.9324,,4634.0000,4634,4634,,366.0000,366,366,,310.0000,310,310,,4690.0000,4690,4690,
mxbai,64,svm,kernel-poly,0.9683,0.9683,0.9683,,0.9774,0.9774,0.9774,,0.9592,0.9592,0.9592,,0.9599,0.9599,0.9599,,0.9774,0.9774,0.9774,,0.9683,0.9683,0.9683,,4796.0000,4796,4796,,204.0000,204,204,,113.0000,113,113,,4887.0000,4887,4887,
mxbai,64,svm,kernel-rbf,0.9654,0.9654,0.9654,,0.9742,0.9742,0.9742,,0.9566,0.9566,0.9566,,0.9574,0.9574,0.9574,,0.9742,0.9742,0.9742,,0.9654,0.9654,0.9654,,4783.0000,4783,4783,,217.0000,217,217,,129.0000,129,129,,4871.0000,4871,4871,
mxbai,64,svm,kernel-sigmoid,0.8764,0.8764,0.8764,,0.8786,0.8786,0.8786,,0.8742,0.8742,0.8742,,0.8748,0.8748,0.8748,,0.8786,0.8786,0.8786,,0.8764,0.8764,0.8764,,4371.0000,4371,4371,,629.0000,629,629,,607.0000,607,607,,4393.0000,4393,4393,
nomic128,128,logistic_regression,max_iter-100,0.9578,0.9578,0.9578,,0.9662,0.9662,0.9662,,0.9494,0.9494,0.9494,,0.9502,0.9502,0.9502,,0.9662,0.9662,0.9662,,0.9578,0.9578,0.9578,,4747.0000,4747,4747,,253.0000,253,253,,169.0000,169,169,,4831.0000,4831,4831,
nomic128,128,logistic_regression,max_iter-50,0.9578,0.9578,0.9578,,0.9662,0.9662,0.9662,,0.9494,0.9494,0.9494,,0.9502,0.9502,0.9502,,0.9662,0.9662,0.9662,,0.9578,0.9578,0.9578,,4747.0000,4747,4747,,253.0000,253,253,,169.0000,169,169,,4831.0000,4831,4831,
nomic128,128,logistic_regression,max_iter-500,0.9578,0.9578,0.9578,,0.9662,0.9662,0.9662,,0.9494,0.9494,0.9494,,0.9502,0.9502,0.9502,,0.9662,0.9662,0.9662,,0.9578,0.9578,0.9578,,4747.0000,4747,4747,,253.0000,253,253,,169.0000,169,169,,4831.0000,4831,4831,
nomic128,128,mlp,num_layers-2_dropout-0.1,0.9664,0.9653,0.9682,0.0011,0.9712,0.9654,0.9752,0.0036,0.9617,0.9602,0.9652,0.0021,0.9620,0.9606,0.9652,0.0019,0.9712,0.9654,0.9752,0.0036,0.9664,0.9653,0.9682,0.0011,4808.4000,4801,4826,10.3102,191.6000,174,199,10.3102,144.2000,124,173,17.7820,4855.8000,4827,4876,17.7820
nomic128,128,mlp,num_layers-2_dropout-0.2,0.9661,0.9647,0.9679,0.0013,0.9707,0.9640,0.9758,0.0043,0.9614,0.9592,0.9654,0.0024,0.9618,0.9597,0.9654,0.0022,0.9707,0.9640,0.9758,0.0043,0.9660,0.9647,0.9679,0.0013,4807.2000,4796,4827,12.1943,192.8000,173,204,12.1943,146.6000,121,180,21.3846,4853.4000,4820,4879,21.3846
nomic128,128,mlp,num_layers-2_dropout-0.3,0.9662,0.9653,0.9669,0.0006,0.9710,0.9656,0.9748,0.0033,0.9613,0.9590,0.9650,0.0023,0.9617,0.9596,0.9650,0.0021,0.9710,0.9656,0.9748,0.0033,0.9661,0.9653,0.9669,0.0006,4806.6000,4795,4825,11.6319,193.4000,175,205,11.6319,145.0000,126,172,16.7332,4855.0000,4828,4874,16.7332
nomic128,128,mlp,num_layers-3_dropout-0.1,0.9790,0.9771,0.9808,0.0014,0.9817,0.9726,0.9880,0.0057,0.9762,0.9694,0.9816,0.0044,0.9764,0.9700,0.9814,0.0041,0.9817,0.9726,0.9880,0.0057,0.9790,0.9771,0.9808,0.0014,4881.2000,4847,4908,21.9704,118.8000,92,153,21.9704,91.4000,60,137,28.5535,4908.6000,4863,4940,28.5535
nomic128,128,mlp,num_layers-3_dropout-0.2,0.9785,0.9766,0.9802,0.0014,0.9818,0.9746,0.9862,0.0044,0.9753,0.9716,0.9786,0.0027,0.9755,0.9720,0.9785,0.0025,0.9818,0.9746,0.9862,0.0044,0.9785,0.9766,0.9802,0.0014,4876.4000,4858,4893,13.5019,123.6000,107,142,13.5019,91.2000,69,127,21.8906,4908.8000,4873,4931,21.8906
nomic128,128,mlp,num_layers-3_dropout-0.3,0.9776,0.9767,0.9797,0.0012,0.9814,0.9768,0.9846,0.0031,0.9738,0.9706,0.9766,0.0022,0.9740,0.9710,0.9766,0.0021,0.9814,0.9768,0.9846,0.0031,0.9776,0.9767,0.9797,0.0012,4869.2000,4853,4883,11.1445,130.8000,117,147,11.1445,93.2000,77,116,15.3851,4906.8000,4884,4923,15.3851
nomic128,128,naive_bayes,none-e,0.9142,0.9142,0.9142,,0.9254,0.9254,0.9254,,0.9030,0.9030,0.9030,,0.9051,0.9051,0.9051,,0.9254,0.9254,0.9254,,0.9141,0.9141,0.9141,,4515.0000,4515,4515,,485.0000,485,485,,373.0000,373,373,,4627.0000,4627,4627,
nomic128,128,naive_bayes,none-n,0.9142,0.9142,0.9142,0.0000,0.9254,0.9254,0.9254,0.0000,0.9030,0.9030,0.9030,0.0000,0.9051,0.9051,0.9051,0.0000,0.9254,0.9254,0.9254,0.0000,0.9141,0.9141,0.9141,0.0000,4515.0000,4515,4515,0.0000,485.0000,485,485,0.0000,373.0000,373,373,0.0000,4627.0000,4627,4627,0.0000
nomic128,128,naive_bayes,none-o,0.9142,0.9142,0.9142,,0.9254,0.9254,0.9254,,0.9030,0.9030,0.9030,,0.9051,0.9051,0.9051,,0.9254,0.9254,0.9254,,0.9141,0.9141,0.9141,,4515.0000,4515,4515,,485.0000,485,485,,373.0000,373,373,,4627.0000,4627,4627,
nomic128,128,random_forest,n_estimators-100,0.9596,0.9580,0.9612,0.0015,0.9634,0.9602,0.9656,0.0023,0.9558,0.9542,0.9568,0.0010,0.9561,0.9545,0.9572,0.0010,0.9634,0.9602,0.9656,0.0023,0.9596,0.9580,0.9612,0.0015,4778.8000,4771,4784,4.7645,221.2000,216,229,4.7645,183.0000,172,199,11.7260,4817.0000,4801,4828,11.7260
nomic128,128,random_forest,n_estimators-200,0.9603,0.9592,0.9615,0.0010,0.9646,0.9628,0.9658,0.0014,0.9560,0.9550,0.9572,0.0009,0.9564,0.9554,0.9576,0.0009,0.9646,0.9628,0.9658,0.0014,0.9603,0.9592,0.9615,0.0010,4780.2000,4775,4786,4.4385,219.8000,214,225,4.4385,177.2000,171,186,6.8337,4822.8000,4814,4829,6.8337
nomic128,128,random_forest,n_estimators-80,0.9594,0.9572,0.9610,0.0015,0.9630,0.9590,0.9656,0.0026,0.9559,0.9546,0.9576,0.0012,0.9562,0.9551,0.9578,0.0011,0.9630,0.9590,0.9656,0.0026,0.9594,0.9572,0.9610,0.0015,4779.4000,4773,4788,5.7706,220.6000,212,227,5.7706,185.0000,172,205,13.0958,4815.0000,4795,4828,13.0958
nomic128,128,svm,kernel-linear,0.9613,0.9613,0.9613,,0.9688,0.9688,0.9688,,0.9538,0.9538,0.9538,,0.9545,0.9545,0.9545,,0.9688,0.9688,0.9688,,0.9613,0.9613,0.9613,,4769.0000,4769,4769,,231.0000,231,231,,156.0000,156,156,,4844.0000,4844,4844,
nomic128,128,svm,kernel-poly,0.9860,0.9860,0.9860,,0.9898,0.9898,0.9898,,0.9822,0.9822,0.9822,,0.9823,0.9823,0.9823,,0.9898,0.9898,0.9898,,0.9860,0.9860,0.9860,,4911.0000,4911,4911,,89.0000,89,89,,51.0000,51,51,,4949.0000,4949,4949,
nomic128,128,svm,kernel-rbf,0.9825,0.9825,0.9825,,0.9880,0.9880,0.9880,,0.9770,0.9770,0.9770,,0.9773,0.9773,0.9773,,0.9880,0.9880,0.9880,,0.9825,0.9825,0.9825,,4885.0000,4885,4885,,115.0000,115,115,,60.0000,60,60,,4940.0000,4940,4940,
nomic128,128,svm,kernel-sigmoid,0.9265,0.9265,0.9265,,0.9286,0.9286,0.9286,,0.9244,0.9244,0.9244,,0.9247,0.9247,0.9247,,0.9286,0.9286,0.9286,,0.9265,0.9265,0.9265,,4622.0000,4622,4622,,378.0000,378,378,,357.0000,357,357,,4643.0000,4643,4643,
nomic256,256,logistic_regression,max_iter-100,0.9748,0.9748,0.9748,,0.9794,0.9794,0.9794,,0.9702,0.9702,0.9702,,0.9705,0.9705,0.9705,,0.9794,0.9794,0.9794,,0.9748,0.9748,0.9748,,4851.0000,4851,4851,,149.0000,149,149,,103.0000,103,103,,4897.0000,4897,4897,
nomic256,256,logistic_regression,max_iter-50,0.9748,0.9748,0.9748,,0.9794,0.9794,0.9794,,0.9702,0.9702,0.9702,,0.9705,0.9705,0.9705,,0.9794,0.9794,0.9794,,0.9748,0.9748,0.9748,,4851.0000,4851,4851,,149.0000,149,149,,103.0000,103,103,,4897.0000,4897,4897,
nomic256,256,logistic_regression,max_iter-500,0.9748,0.9748,0.9748,,0.9794,0.9794,0.9794,,0.9702,0.9702,0.9702,,0.9705,0.9705,0.9705,,0.9794,0.9794,0.9794,,0.9748,0.9748,0.9748,,4851.0000,4851,4851,,149.0000,149,149,,103.0000,103,103,,4897.0000,4897,4897,
nomic256,256,mlp,num_layers-2_dropout-0.1,0.9790,0.9775,0.9798,0.0009,0.9797,0.9734,0.9832,0.0040,0.9783,0.9760,0.9816,0.0024,0.9784,0.9762,0.9814,0.0022,0.9797,0.9734,0.9832,0.0040,0.9790,0.9775,0.9798,0.0009,4891.6000,4880,4908,11.8025,108.4000,92,120,11.8025,101.4000,84,133,19.8318,4898.6000,4867,4916,19.8318
nomic256,256,mlp,num_layers-2_dropout-0.2,0.9786,0.9771,0.9793,0.0009,0.9791,0.9726,0.9826,0.0040,0.9781,0.9760,0.9816,0.0025,0.9782,0.9762,0.9814,0.0023,0.9791,0.9726,0.9826,0.0040,0.9786,0.9771,0.9793,0.0009,4890.6000,4880,4908,12.2801,109.4000,92,120,12.2801,104.6000,87,137,19.7560,4895.4000,4863,4913,19.7560
nomic256,256,mlp,num_layers-2_dropout-0.3,0.9781,0.9772,0.9785,0.0005,0.9786,0.9738,0.9816,0.0031,0.9776,0.9752,0.9806,0.0022,0.9777,0.9754,0.9805,0.0021,0.9786,0.9738,0.9816,0.0031,0.9781,0.9772,0.9785,0.0005,4888.2000,4876,4903,10.9864,111.8000,97,124,10.9864,107.0000,92,131,15.4434,4893.0000,4869,4908,15.4434
nomic256,256,mlp,num_layers-3_dropout-0.1,0.9855,0.9842,0.9862,0.0008,0.9861,0.9834,0.9882,0.0018,0.9848,0.9840,0.9866,0.0011,0.9849,0.9840,0.9866,0.0010,0.9861,0.9834,0.9882,0.0018,0.9855,0.9842,0.9862,0.0008,4924.2000,4920,4933,5.2631,75.8000,67,80,5.2631,69.6000,59,83,8.9889,4930.4000,4917,4941,8.9889
nomic256,256,mlp,num_layers-3_dropout-0.2,0.9853,0.9842,0.9860,0.0007,0.9862,0.9840,0.9892,0.0019,0.9845,0.9828,0.9864,0.0013,0.9845,0.9829,0.9864,0.0013,0.9862,0.9840,0.9892,0.0019,0.9853,0.9842,0.9860,0.0007,4922.6000,4914,4932,6.6182,77.4000,68,86,6.6182,69.2000,54,80,9.6540,4930.8000,4920,4946,9.6540
nomic256,256,mlp,num_layers-3_dropout-0.3,0.9849,0.9842,0.9855,0.0006,0.9858,0.9850,0.9876,0.0010,0.9840,0.9812,0.9856,0.0019,0.9840,0.9813,0.9856,0.0019,0.9858,0.9850,0.9876,0.0010,0.9849,0.9842,0.9855,0.0006,4919.8000,4906,4928,9.6021,80.2000,72,94,9.6021,71.0000,62,75,5.1478,4929.0000,4925,4938,5.1478
nomic256,256,naive_bayes,none-e,0.9402,0.9402,0.9402,,0.9608,0.9608,0.9608,,0.9196,0.9196,0.9196,,0.9228,0.9228,0.9228,,0.9608,0.9608,0.9608,,0.9400,0.9400,0.9400,,4598.0000,4598,4598,,402.0000,402,402,,196.0000,196,196,,4804.0000,4804,4804,
nomic256,256,naive_bayes,none-n,0.9402,0.9402,0.9402,0.0000,0.9608,0.9608,0.9608,0.0000,0.9196,0.9196,0.9196,0.0000,0.9228,0.9228,0.9228,0.0000,0.9608,0.9608,0.9608,0.0000,0.9400,0.9400,0.9400,0.0000,4598.0000,4598,4598,0.0000,402.0000,402,402,0.0000,196.0000,196,196,0.0000,4804.0000,4804,4804,0.0000
nomic256,256,naive_bayes,none-o,0.9402,0.9402,0.9402,,0.9608,0.9608,0.9608,,0.9196,0.9196,0.9196,,0.9228,0.9228,0.9228,,0.9608,0.9608,0.9608,,0.9400,0.9400,0.9400,,4598.0000,4598,4598,,402.0000,402,402,,196.0000,196,196,,4804.0000,4804,4804,
nomic256,256,random_forest,n_estimators-100,0.9698,0.9690,0.9706,0.0008,0.9762,0.9746,0.9776,0.0014,0.9634,0.9620,0.9642,0.0008,0.9638,0.9626,0.9647,0.0008,0.9762,0.9746,0.9776,0.0014,0.9697,0.9690,0.9706,0.0008,4816.8000,4810,4821,4.2071,183.2000,179,190,4.2071,119.2000,112,127,6.8337,4880.8000,4873,4888,6.8337
nomic256,256,random_forest,n_estimators-200,0.9713,0.9701,0.9726,0.0011,0.9794,0.9780,0.9812,0.0013,0.9632,0.9618,0.9646,0.0011,0.9637,0.9624,0.9651,0.0011,0.9794,0.9780,0.9812,0.0013,0.9712,0.9701,0.9726,0.0011,4815.8000,4809,4823,5.7184,184.2000,177,191,5.7184,103.0000,94,110,6.3246,4897.0000,4890,4906,6.3246
nomic256,256,random_forest,n_estimators-80,0.9686,0.9670,0.9703,0.0013,0.9750,0.9730,0.9778,0.0020,0.9622,0.9606,0.9638,0.0014,0.9627,0.9612,0.9641,0.0013,0.9750,0.9730,0.9778,0.0020,0.9686,0.9670,0.9703,0.0013,4811.2000,4803,4819,6.8702,188.8000,181,197,6.8702,125.2000,111,135,10.0349,4874.8000,4865,4889,10.0349
nomic256,256,svm,kernel-linear,0.9807,0.9807,0.9807,,0.9832,0.9832,0.9832,,0.9782,0.9782,0.9782,,0.9783,0.9783,0.9783,,0.9832,0.9832,0.9832,,0.9807,0.9807,0.9807,,4891.0000,4891,4891,,109.0000,109,109,,84.0000,84,84,,4916.0000,4916,4916,
nomic256,256,svm,kernel-poly,0.9906,0.9906,0.9906,,0.9918,0.9918,0.9918,,0.9894,0.9894,0.9894,,0.9894,0.9894,0.9894,,0.9918,0.9918,0.9918,,0.9906,0.9906,0.9906,,4947.0000,4947,4947,,53.0000,53,53,,41.0000,41,41,,4959.0000,4959,4959,
nomic256,256,svm,kernel-rbf,0.9883,0.9883,0.9883,,0.9902,0.9902,0.9902,,0.9864,0.9864,0.9864,,0.9865,0.9865,0.9865,,0.9902,0.9902,0.9902,,0.9883,0.9883,0.9883,,4932.0000,4932,4932,,68.0000,68,68,,49.0000,49,49,,4951.0000,4951,4951,
nomic256,256,svm,kernel-sigmoid,0.9594,0.9594,0.9594,,0.9674,0.9674,0.9674,,0.9514,0.9514,0.9514,,0.9522,0.9522,0.9522,,0.9674,0.9674,0.9674,,0.9594,0.9594,0.9594,,4757.0000,4757,4757,,243.0000,243,243,,163.0000,163,163,,4837.0000,4837,4837,
nomic512,512,logistic_regression,max_iter-100,0.9802,0.9802,0.9802,,0.9846,0.9846,0.9846,,0.9758,0.9758,0.9758,,0.9760,0.9760,0.9760,,0.9846,0.9846,0.9846,,0.9802,0.9802,0.9802,,4879.0000,4879,4879,,121.0000,121,121,,77.0000,77,77,,4923.0000,4923,4923,
nomic512,512,logistic_regression,max_iter-50,0.9802,0.9802,0.9802,,0.9846,0.9846,0.9846,,0.9758,0.9758,0.9758,,0.9760,0.9760,0.9760,,0.9846,0.9846,0.9846,,0.9802,0.9802,0.9802,,4879.0000,4879,4879,,121.0000,121,121,,77.0000,77,77,,4923.0000,4923,4923,
nomic512,512,logistic_regression,max_iter-500,0.9802,0.9802,0.9802,,0.9846,0.9846,0.9846,,0.9758,0.9758,0.9758,,0.9760,0.9760,0.9760,,0.9846,0.9846,0.9846,,0.9802,0.9802,0.9802,,4879.0000,4879,4879,,121.0000,121,121,,77.0000,77,77,,4923.0000,4923,4923,
nomic512,512,mlp,num_layers-2_dropout-0.1,0.9847,0.9839,0.9851,0.0005,0.9850,0.9810,0.9876,0.0025,0.9844,0.9826,0.9868,0.0015,0.9844,0.9827,0.9867,0.0015,0.9850,0.9810,0.9876,0.0025,0.9847,0.9839,0.9851,0.0005,4921.8000,4913,4934,7.6616,78.2000,66,87,7.6616,75.2000,62,95,12.4780,4924.8000,4905,4938,12.4780
nomic512,512,mlp,num_layers-2_dropout-0.2,0.9846,0.9838,0.9854,0.0006,0.9848,0.9808,0.9880,0.0026,0.9843,0.9828,0.9868,0.0015,0.9843,0.9829,0.9867,0.0015,0.9848,0.9808,0.9880,0.0026,0.9846,0.9838,0.9854,0.0006,4921.6000,4914,4934,7.6354,78.4000,66,86,7.6354,76.0000,60,96,13.1339,4924.0000,4904,4940,13.1339
nomic512,512,mlp,num_layers-2_dropout-0.3,0.9842,0.9830,0.9851,0.0008,0.9844,0.9794,0.9874,0.0030,0.9840,0.9828,0.9866,0.0016,0.9841,0.9829,0.9865,0.0016,0.9844,0.9794,0.9874,0.0030,0.9842,0.9830,0.9851,0.0008,4920.2000,4914,4933,8.2280,79.8000,67,86,8.2280,78.2000,63,103,15.0233,4921.8000,4897,4937,15.0233
nomic512,512,mlp,num_layers-3_dropout-0.1,0.9887,0.9879,0.9897,0.0007,0.9876,0.9830,0.9900,0.0027,0.9899,0.9870,0.9928,0.0021,0.9899,0.9870,0.9927,0.0021,0.9876,0.9830,0.9900,0.0027,0.9887,0.9879,0.9897,0.0007,4949.4000,4935,4964,10.5972,50.6000,36,65,10.5972,62.2000,50,85,13.6088,4937.8000,4915,4950,13.6088
nomic512,512,mlp,num_layers-3_dropout-0.2,0.9886,0.9878,0.9896,0.0007,0.9873,0.9834,0.9896,0.0025,0.9898,0.9876,0.9922,0.0018,0.9898,0.9876,0.9921,0.0017,0.9873,0.9834,0.9896,0.0025,0.9886,0.9878,0.9896,0.0007,4949.2000,4938,4961,8.7579,50.8000,39,62,8.7579,63.6000,52,83,12.6016,4936.4000,4917,4948,12.6016
nomic512,512,mlp,num_layers-3_dropout-0.3,0.9885,0.9880,0.9898,0.0008,0.9879,0.9842,0.9908,0.0024,0.9891,0.9876,0.9918,0.0016,0.9891,0.9876,0.9917,0.0016,0.9879,0.9842,0.9908,0.0024,0.9885,0.9880,0.9898,0.0008,4945.6000,4938,4959,7.9561,54.4000,41,62,7.9561,60.6000,46,79,11.8237,4939.4000,4921,4954,11.8237
nomic512,512,naive_bayes,none-e,0.9443,0.9443,0.9443,,0.9668,0.9668,0.9668,,0.9218,0.9218,0.9218,,0.9252,0.9252,0.9252,,0.9668,0.9668,0.9668,,0.9440,0.9440,0.9440,,4609.0000,4609,4609,,391.0000,391,391,,166.0000,166,166,,4834.0000,4834,4834,
nomic512,512,naive_bayes,none-n,0.9443,0.9443,0.9443,0.0000,0.9668,0.9668,0.9668,0.0000,0.9218,0.9218,0.9218,0.0000,0.9252,0.9252,0.9252,0.0000,0.9668,0.9668,0.9668,0.0000,0.9440,0.9440,0.9440,0.0000,4609.0000,4609,4609,0.0000,391.0000,391,391,0.0000,166.0000,166,166,0.0000,4834.0000,4834,4834,0.0000
nomic512,512,naive_bayes,none-o,0.9443,0.9443,0.9443,,0.9668,0.9668,0.9668,,0.9218,0.9218,0.9218,,0.9252,0.9252,0.9252,,0.9668,0.9668,0.9668,,0.9440,0.9440,0.9440,,4609.0000,4609,4609,,391.0000,391,391,,166.0000,166,166,,4834.0000,4834,4834,
nomic512,512,random_forest,n_estimators-100,0.9724,0.9716,0.9739,0.0009,0.9801,0.9780,0.9824,0.0016,0.9646,0.9636,0.9654,0.0010,0.9652,0.9642,0.9660,0.0009,0.9801,0.9780,0.9824,0.0016,0.9723,0.9716,0.9739,0.0009,4823.2000,4818,4827,4.7645,176.8000,173,182,4.7645,99.6000,88,110,8.2037,4900.4000,4890,4912,8.2037
nomic512,512,random_forest,n_estimators-200,0.9739,0.9731,0.9748,0.0007,0.9822,0.9810,0.9838,0.0012,0.9656,0.9652,0.9660,0.0004,0.9662,0.9657,0.9666,0.0004,0.9822,0.9810,0.9838,0.0012,0.9739,0.9731,0.9748,0.0007,4828.2000,4826,4830,2.0494,171.8000,170,174,2.0494,89.0000,81,95,5.7879,4911.0000,4905,4919,5.7879
nomic512,512,random_forest,n_estimators-80,0.9719,0.9710,0.9733,0.0009,0.9795,0.9788,0.9810,0.0009,0.9642,0.9630,0.9656,0.0010,0.9648,0.9636,0.9661,0.0010,0.9795,0.9788,0.9810,0.0009,0.9718,0.9710,0.9733,0.0009,4821.2000,4815,4828,4.9699,178.8000,172,185,4.9699,102.4000,95,106,4.3359,4897.6000,4894,4905,4.3359
nomic512,512,svm,kernel-linear,0.9847,0.9847,0.9847,,0.9880,0.9880,0.9880,,0.9814,0.9814,0.9814,,0.9815,0.9815,0.9815,,0.9880,0.9880,0.9880,,0.9847,0.9847,0.9847,,4907.0000,4907,4907,,93.0000,93,93,,60.0000,60,60,,4940.0000,4940,4940,
nomic512,512,svm,kernel-poly,0.9921,0.9921,0.9921,,0.9940,0.9940,0.9940,,0.9902,0.9902,0.9902,,0.9902,0.9902,0.9902,,0.9940,0.9940,0.9940,,0.9921,0.9921,0.9921,,4951.0000,4951,4951,,49.0000,49,49,,30.0000,30,30,,4970.0000,4970,4970,
nomic512,512,svm,kernel-rbf,0.9909,0.9909,0.9909,,0.9928,0.9928,0.9928,,0.9890,0.9890,0.9890,,0.9890,0.9890,0.9890,,0.9928,0.9928,0.9928,,0.9909,0.9909,0.9909,,4945.0000,4945,4945,,55.0000,55,55,,36.0000,36,36,,4964.0000,4964,4964,
nomic512,512,svm,kernel-sigmoid,0.9704,0.9704,0.9704,,0.9748,0.9748,0.9748,,0.9660,0.9660,0.9660,,0.9663,0.9663,0.9663,,0.9748,0.9748,0.9748,,0.9704,0.9704,0.9704,,4830.0000,4830,4830,,170.0000,170,170,,126.0000,126,126,,4874.0000,4874,4874,
nomic64,64,logistic_regression,max_iter-100,0.9287,0.9287,0.9287,,0.9334,0.9334,0.9334,,0.9240,0.9240,0.9240,,0.9247,0.9247,0.9247,,0.9334,0.9334,0.9334,,0.9287,0.9287,0.9287,,4620.0000,4620,4620,,380.0000,380,380,,333.0000,333,333,,4667.0000,4667,4667,
nomic64,64,logistic_regression,max_iter-50,0.9287,0.9287,0.9287,,0.9334,0.9334,0.9334,,0.9240,0.9240,0.9240,,0.9247,0.9247,0.9247,,0.9334,0.9334,0.9334,,0.9287,0.9287,0.9287,,4620.0000,4620,4620,,380.0000,380,380,,333.0000,333,333,,4667.0000,4667,4667,
nomic64,64,logistic_regression,max_iter-500,0.9287,0.9287,0.9287,,0.9334,0.9334,0.9334,,0.9240,0.9240,0.9240,,0.9247,0.9247,0.9247,,0.9334,0.9334,0.9334,,0.9287,0.9287,0.9287,,4620.0000,4620,4620,,380.0000,380,380,,333.0000,333,333,,4667.0000,4667,4667,
nomic64,64,mlp,num_layers-2_dropout-0.1,0.9422,0.9400,0.9448,0.0019,0.9491,0.9448,0.9508,0.0025,0.9354,0.9314,0.9402,0.0032,0.9363,0.9327,0.9407,0.0030,0.9491,0.9448,0.9508,0.0025,0.9422,0.9400,0.9448,0.0019,4677.0000,4657,4701,16.1400,323.0000,299,343,16.1400,254.6000,246,276,12.3004,4745.4000,4724,4754,12.3004
nomic64,64,mlp,num_layers-2_dropout-0.2,0.9418,0.9403,0.9440,0.0016,0.9484,0.9444,0.9500,0.0023,0.9352,0.9320,0.9380,0.0024,0.9360,0.9331,0.9387,0.0022,0.9484,0.9444,0.9500,0.0023,0.9418,0.9403,0.9440,0.0016,4675.8000,4660,4690,11.7983,324.2000,310,340,11.7983,257.8000,250,278,11.4543,4742.2000,4722,4750,11.4543
nomic64,64,mlp,num_layers-2_dropout-0.3,0.9412,0.9397,0.9426,0.0013,0.9473,0.9450,0.9488,0.0016,0.9350,0.9330,0.9372,0.0018,0.9358,0.9339,0.9379,0.0017,0.9473,0.9450,0.9488,0.0016,0.9411,0.9397,0.9426,0.0013,4675.0000,4665,4686,9.1652,325.0000,314,335,9.1652,263.4000,256,275,7.9246,4736.6000,4725,4744,7.9246
nomic64,64,mlp,num_layers-3_dropout-0.1,0.9643,0.9620,0.9654,0.0014,0.9668,0.9618,0.9702,0.0034,0.9618,0.9598,0.9634,0.0013,0.9620,0.9602,0.9635,0.0012,0.9668,0.9618,0.9702,0.0034,0.9643,0.9620,0.9654,0.0014,4808.8000,4799,4817,6.5727,191.2000,183,201,6.5727,165.8000,149,191,17.0206,4834.2000,4809,4851,17.0206
nomic64,64,mlp,num_layers-3_dropout-0.2,0.9618,0.9604,0.9629,0.0010,0.9660,0.9628,0.9688,0.0028,0.9576,0.9556,0.9594,0.0013,0.9580,0.9562,0.9595,0.0012,0.9660,0.9628,0.9688,0.0028,0.9618,0.9604,0.9629,0.0010,4788.0000,4778,4797,6.7454,212.0000,203,222,6.7454,169.8000,156,186,14.1138,4830.2000,4814,4844,14.1138
nomic64,64,mlp,num_layers-3_dropout-0.3,0.9595,0.9588,0.9604,0.0006,0.9656,0.9642,0.9670,0.0011,0.9534,0.9510,0.9566,0.0021,0.9540,0.9518,0.9569,0.0019,0.9656,0.9642,0.9670,0.0011,0.9595,0.9588,0.9604,0.0006,4767.0000,4755,4783,10.4163,233.0000,217,245,10.4163,172.2000,165,179,5.4037,4827.8000,4821,4835,5.4037
nomic64,64,naive_bayes,none-e,0.8924,0.8924,0.8924,,0.8936,0.8936,0.8936,,0.8912,0.8912,0.8912,,0.8915,0.8915,0.8915,,0.8936,0.8936,0.8936,,0.8924,0.8924,0.8924,,4456.0000,4456,4456,,544.0000,544,544,,532.0000,532,532,,4468.0000,4468,4468,
nomic64,64,naive_bayes,none-n,0.8924,0.8924,0.8924,0.0000,0.8936,0.8936,0.8936,0.0000,0.8912,0.8912,0.8912,0.0000,0.8915,0.8915,0.8915,0.0000,0.8936,0.8936,0.8936,0.0000,0.8924,0.8924,0.8924,0.0000,4456.0000,4456,4456,0.0000,544.0000,544,544,0.0000,532.0000,532,532,0.0000,4468.0000,4468,4468,0.0000
nomic64,64,naive_bayes,none-o,0.8924,0.8924,0.8924,,0.8936,0.8936,0.8936,,0.8912,0.8912,0.8912,,0.8915,0.8915,0.8915,,0.8936,0.8936,0.8936,,0.8924,0.8924,0.8924,,4456.0000,4456,4456,,544.0000,544,544,,532.0000,532,532,,4468.0000,4468,4468,
nomic64,64,random_forest,n_estimators-100,0.9467,0.9458,0.9473,0.0006,0.9450,0.9426,0.9474,0.0018,0.9484,0.9470,0.9494,0.0011,0.9482,0.9470,0.9492,0.0010,0.9450,0.9426,0.9474,0.0018,0.9467,0.9458,0.9473,0.0006,4742.0000,4735,4747,5.5678,258.0000,253,265,5.5678,275.2000,263,287,8.7864,4724.8000,4713,4737,8.7864
nomic64,64,random_forest,n_estimators-200,0.9483,0.9471,0.9491,0.0008,0.9472,0.9458,0.9478,0.0008,0.9495,0.9484,0.9508,0.0009,0.9494,0.9483,0.9506,0.0009,0.9472,0.9458,0.9478,0.0008,0.9483,0.9471,0.9491,0.0008,4747.6000,4742,4754,4.3932,252.4000,246,258,4.3932,264.2000,261,271,3.9623,4735.8000,4729,4739,3.9623
nomic64,64,random_forest,n_estimators-80,0.9458,0.9447,0.9462,0.0006,0.9441,0.9428,0.9460,0.0013,0.9475,0.9446,0.9494,0.0020,0.9473,0.9446,0.9491,0.0019,0.9441,0.9428,0.9460,0.0013,0.9458,0.9447,0.9462,0.0006,4737.4000,4723,4747,10.0648,262.6000,253,277,10.0648,279.6000,270,286,6.5422,4720.4000,4714,4730,6.5422
nomic64,64,svm,kernel-linear,0.9295,0.9295,0.9295,,0.9382,0.9382,0.9382,,0.9208,0.9208,0.9208,,0.9222,0.9222,0.9222,,0.9382,0.9382,0.9382,,0.9295,0.9295,0.9295,,4604.0000,4604,4604,,396.0000,396,396,,309.0000,309,309,,4691.0000,4691,4691,
nomic64,64,svm,kernel-poly,0.9714,0.9714,0.9714,,0.9764,0.9764,0.9764,,0.9664,0.9664,0.9664,,0.9667,0.9667,0.9667,,0.9764,0.9764,0.9764,,0.9714,0.9714,0.9714,,4832.0000,4832,4832,,168.0000,168,168,,118.0000,118,118,,4882.0000,4882,4882,
nomic64,64,svm,kernel-rbf,0.9673,0.9673,0.9673,,0.9734,0.9734,0.9734,,0.9612,0.9612,0.9612,,0.9617,0.9617,0.9617,,0.9734,0.9734,0.9734,,0.9673,0.9673,0.9673,,4806.0000,4806,4806,,194.0000,194,194,,133.0000,133,133,,4867.0000,4867,4867,
nomic64,64,svm,kernel-sigmoid,0.8672,0.8672,0.8672,,0.8584,0.8584,0.8584,,0.8760,0.8760,0.8760,,0.8738,0.8738,0.8738,,0.8584,0.8584,0.8584,,0.8672,0.8672,0.8672,,4380.0000,4380,4380,,620.0000,620,620,,708.0000,708,708,,4292.0000,4292,4292,
nomic768,768,logistic_regression,max_iter-100,0.9810,0.9810,0.9810,,0.9862,0.9862,0.9862,,0.9758,0.9758,0.9758,,0.9760,0.9760,0.9760,,0.9862,0.9862,0.9862,,0.9810,0.9810,0.9810,,4879.0000,4879,4879,,121.0000,121,121,,69.0000,69,69,,4931.0000,4931,4931,
nomic768,768,logistic_regression,max_iter-50,0.9810,0.9810,0.9810,,0.9862,0.9862,0.9862,,0.9758,0.9758,0.9758,,0.9760,0.9760,0.9760,,0.9862,0.9862,0.9862,,0.9810,0.9810,0.9810,,4879.0000,4879,4879,,121.0000,121,121,,69.0000,69,69,,4931.0000,4931,4931,
nomic768,768,logistic_regression,max_iter-500,0.9810,0.9810,0.9810,,0.9862,0.9862,0.9862,,0.9758,0.9758,0.9758,,0.9760,0.9760,0.9760,,0.9862,0.9862,0.9862,,0.9810,0.9810,0.9810,,4879.0000,4879,4879,,121.0000,121,121,,69.0000,69,69,,4931.0000,4931,4931,
nomic768,768,mlp,num_layers-2_dropout-0.1,0.9868,0.9865,0.9871,0.0003,0.9887,0.9876,0.9910,0.0015,0.9848,0.9826,0.9866,0.0017,0.9849,0.9827,0.9866,0.0016,0.9887,0.9876,0.9910,0.0015,0.9868,0.9865,0.9871,0.0003,4924.0000,4913,4933,8.3367,76.0000,67,87,8.3367,56.4000,45,62,7.3348,4943.6000,4938,4955,7.3348
nomic768,768,mlp,num_layers-2_dropout-0.2,0.9867,0.9862,0.9874,0.0005,0.9890,0.9876,0.9912,0.0014,0.9844,0.9828,0.9868,0.0017,0.9845,0.9829,0.9868,0.0016,0.9890,0.9876,0.9912,0.0014,0.9867,0.9862,0.9874,0.0005,4922.0000,4914,4934,8.3367,78.0000,66,86,8.3367,55.2000,44,62,7.1204,4944.8000,4938,4956,7.1204
nomic768,768,mlp,num_layers-2_dropout-0.3,0.9862,0.9858,0.9865,0.0003,0.9885,0.9876,0.9902,0.0011,0.9838,0.9828,0.9854,0.0011,0.9839,0.9829,0.9854,0.0010,0.9885,0.9876,0.9902,0.0011,0.9862,0.9858,0.9865,0.0003,4919.0000,4914,4927,5.4314,81.0000,73,86,5.4314,57.4000,49,62,5.6833,4942.6000,4938,4951,5.6833
nomic768,768,mlp,num_layers-3_dropout-0.1,0.9897,0.9892,0.9903,0.0005,0.9914,0.9870,0.9946,0.0033,0.9880,0.9850,0.9914,0.0027,0.9881,0.9851,0.9914,0.0026,0.9914,0.9870,0.9946,0.0033,0.9897,0.9892,0.9903,0.0005,4940.2000,4925,4957,13.3866,59.8000,43,75,13.3866,42.8000,27,65,16.6193,4957.2000,4935,4973,16.6193
nomic768,768,mlp,num_layers-3_dropout-0.2,0.9896,0.9893,0.9901,0.0004,0.9911,0.9880,0.9936,0.0024,0.9882,0.9850,0.9906,0.0025,0.9882,0.9851,0.9906,0.0025,0.9911,0.9880,0.9936,0.0024,0.9896,0.9893,0.9901,0.0004,4940.8000,4925,4953,12.6965,59.2000,47,75,12.6965,44.4000,32,60,12.1367,4955.6000,4940,4968,12.1367
nomic768,768,mlp,num_layers-3_dropout-0.3,0.9893,0.9887,0.9899,0.0006,0.9910,0.9884,0.9934,0.0018,0.9875,0.9840,0.9894,0.0022,0.9875,0.9841,0.9894,0.0021,0.9910,0.9884,0.9934,0.0018,0.9893,0.9887,0.9899,0.0006,4937.4000,4920,4947,11.0363,62.6000,53,80,11.0363,44.8000,33,58,9.2033,4955.2000,4942,4967,9.2033
nomic768,768,naive_bayes,none-e,0.9458,0.9458,0.9458,,0.9752,0.9752,0.9752,,0.9164,0.9164,0.9164,,0.9210,0.9210,0.9210,,0.9752,0.9752,0.9752,,0.9453,0.9453,0.9453,,4582.0000,4582,4582,,418.0000,418,418,,124.0000,124,124,,4876.0000,4876,4876,
nomic768,768,naive_bayes,none-n,0.9458,0.9458,0.9458,0.0000,0.9752,0.9752,0.9752,0.0000,0.9164,0.9164,0.9164,0.0000,0.9210,0.9210,0.9210,0.0000,0.9752,0.9752,0.9752,0.0000,0.9453,0.9453,0.9453,0.0000,4582.0000,4582,4582,0.0000,418.0000,418,418,0.0000,124.0000,124,124,0.0000,4876.0000,4876,4876,0.0000
nomic768,768,naive_bayes,none-o,0.9458,0.9458,0.9458,,0.9752,0.9752,0.9752,,0.9164,0.9164,0.9164,,0.9210,0.9210,0.9210,,0.9752,0.9752,0.9752,,0.9453,0.9453,0.9453,,4582.0000,4582,4582,,418.0000,418,418,,124.0000,124,124,,4876.0000,4876,4876,
nomic768,768,random_forest,n_estimators-100,0.9754,0.9731,0.9766,0.0013,0.9836,0.9816,0.9848,0.0012,0.9671,0.9646,0.9690,0.0017,0.9677,0.9652,0.9695,0.0016,0.9836,0.9816,0.9848,0.0012,0.9753,0.9731,0.9766,0.0013,4835.6000,4823,4845,8.5323,164.4000,155,177,8.5323,81.8000,76,92,6.2209,4918.2000,4908,4924,6.2209
nomic768,768,random_forest,n_estimators-200,0.9765,0.9755,0.9772,0.0007,0.9851,0.9844,0.9856,0.0004,0.9678,0.9666,0.9692,0.0012,0.9684,0.9672,0.9697,0.0011,0.9851,0.9844,0.9856,0.0004,0.9764,0.9755,0.9772,0.0007,4839.2000,4833,4846,5.9330,160.8000,154,167,5.9330,74.6000,72,78,2.1909,4925.4000,4922,4928,2.1909
nomic768,768,random_forest,n_estimators-80,0.9749,0.9724,0.9765,0.0016,0.9827,0.9802,0.9840,0.0015,0.9672,0.9646,0.9702,0.0021,0.9677,0.9651,0.9706,0.0020,0.9827,0.9802,0.9840,0.0015,0.9749,0.9724,0.9765,0.0016,4835.8000,4823,4851,10.4259,164.2000,149,177,10.4259,86.6000,80,99,7.3007,4913.4000,4901,4920,7.3007
nomic768,768,svm,kernel-linear,0.9866,0.9866,0.9866,,0.9896,0.9896,0.9896,,0.9836,0.9836,0.9836,,0.9837,0.9837,0.9837,,0.9896,0.9896,0.9896,,0.9866,0.9866,0.9866,,4918.0000,4918,4918,,82.0000,82,82,,52.0000,52,52,,4948.0000,4948,4948,
nomic768,768,svm,kernel-poly,0.9930,0.9930,0.9930,,0.9950,0.9950,0.9950,,0.9910,0.9910,0.9910,,0.9910,0.9910,0.9910,,0.9950,0.9950,0.9950,,0.9930,0.9930,0.9930,,4955.0000,4955,4955,,45.0000,45,45,,25.0000,25,25,,4975.0000,4975,4975,
nomic768,768,svm,kernel-rbf,0.9920,0.9920,0.9920,,0.9944,0.9944,0.9944,,0.9896,0.9896,0.9896,,0.9896,0.9896,0.9896,,0.9944,0.9944,0.9944,,0.9920,0.9920,0.9920,,4948.0000,4948,4948,,52.0000,52,52,,28.0000,28,28,,4972.0000,4972,4972,
nomic768,768,svm,kernel-sigmoid,0.9779,0.9779,0.9779,,0.9810,0.9810,0.9810,,0.9748,0.9748,0.9748,,0.9750,0.9750,0.9750,,0.9810,0.9810,0.9810,,0.9779,0.9779,0.9779,,4874.0000,4874,4874,,126.0000,126,126,,95.0000,95,95,,4905.0000,4905,4905,
para,1024,logistic_regression,max_iter-100,0.9919,0.9919,0.9919,,0.9902,0.9902,0.9902,,0.9936,0.9936,0.9936,,0.9936,0.9936,0.9936,,0.9902,0.9902,0.9902,,0.9919,0.9919,0.9919,,4968.0000,4968,4968,,32.0000,32,32,,49.0000,49,49,,4951.0000,4951,4951,
para,1024,logistic_regression,max_iter-50,0.9919,0.9919,0.9919,,0.9902,0.9902,0.9902,,0.9936,0.9936,0.9936,,0.9936,0.9936,0.9936,,0.9902,0.9902,0.9902,,0.9919,0.9919,0.9919,,4968.0000,4968,4968,,32.0000,32,32,,49.0000,49,49,,4951.0000,4951,4951,
para,1024,logistic_regression,max_iter-500,0.9919,0.9919,0.9919,,0.9902,0.9902,0.9902,,0.9936,0.9936,0.9936,,0.9936,0.9936,0.9936,,0.9902,0.9902,0.9902,,0.9919,0.9919,0.9919,,4968.0000,4968,4968,,32.0000,32,32,,49.0000,49,49,,4951.0000,4951,4951,
para,1024,mlp,num_layers-2_dropout-0.1,0.9928,0.9923,0.9932,0.0004,0.9921,0.9910,0.9934,0.0009,0.9936,0.9926,0.9948,0.0008,0.9936,0.9926,0.9948,0.0008,0.9921,0.9910,0.9934,0.0009,0.9928,0.9923,0.9932,0.0004,4967.8000,4963,4974,4.2071,32.2000,26,37,4.2071,39.4000,33,45,4.6152,4960.6000,4955,4967,4.6152
para,1024,mlp,num_layers-2_dropout-0.2,0.9929,0.9927,0.9932,0.0002,0.9920,0.9910,0.9930,0.0008,0.9938,0.9932,0.9948,0.0007,0.9937,0.9932,0.9948,0.0006,0.9920,0.9910,0.9930,0.0008,0.9929,0.9927,0.9932,0.0002,4968.8000,4966,4974,3.2711,31.2000,26,34,3.2711,40.2000,35,45,3.9623,4959.8000,4955,4965,3.9623
para,1024,mlp,num_layers-2_dropout-0.3,0.9928,0.9926,0.9929,0.0001,0.9918,0.9908,0.9924,0.0006,0.9937,0.9930,0.9950,0.0008,0.9937,0.9930,0.9950,0.0008,0.9918,0.9908,0.9924,0.0006,0.9928,0.9926,0.9929,0.0001,4968.6000,4965,4975,3.9115,31.4000,25,35,3.9115,41.0000,38,46,3.1623,4959.0000,4954,4962,3.1623
para,1024,mlp,num_layers-3_dropout-0.1,0.9937,0.9933,0.9947,0.0006,0.9951,0.9938,0.9960,0.0009,0.9924,0.9908,0.9956,0.0019,0.9924,0.9908,0.9956,0.0019,0.9951,0.9938,0.9960,0.0009,0.9937,0.9933,0.9947,0.0006,4961.8000,4954,4978,9.6281,38.2000,22,46,9.6281,24.4000,20,31,4.3932,4975.6000,4969,4980,4.3932
para,1024,mlp,num_layers-3_dropout-0.2,0.9937,0.9927,0.9944,0.0007,0.9951,0.9932,0.9960,0.0012,0.9924,0.9894,0.9956,0.0023,0.9924,0.9895,0.9956,0.0023,0.9951,0.9932,0.9960,0.0012,0.9937,0.9927,0.9944,0.0007,4961.8000,4947,4978,11.5629,38.2000,22,53,11.5629,24.6000,20,34,5.8138,4975.4000,4966,4980,5.8138
para,1024,mlp,num_layers-3_dropout-0.3,0.9940,0.9934,0.9947,0.0005,0.9952,0.9938,0.9960,0.0010,0.9928,0.9908,0.9956,0.0019,0.9928,0.9908,0.9956,0.0018,0.9952,0.9938,0.9960,0.0010,0.9940,0.9934,0.9947,0.0005,4963.8000,4954,4978,9.2844,36.2000,22,46,9.2844,24.2000,20,31,4.9699,4975.8000,4969,4980,4.9699
para,1024,naive_bayes,none-e,0.9054,0.9054,0.9054,,0.9870,0.9870,0.9870,,0.8238,0.8238,0.8238,,0.8485,0.8485,0.8485,,0.9870,0.9870,0.9870,,0.9017,0.9017,0.9017,,4119.0000,4119,4119,,881.0000,881,881,,65.0000,65,65,,4935.0000,4935,4935,
para,1024,naive_bayes,none-n,0.9054,0.9054,0.9054,0.0000,0.9870,0.9870,0.9870,0.0000,0.8238,0.8238,0.8238,0.0000,0.8485,0.8485,0.8485,0.0000,0.9870,0.9870,0.9870,0.0000,0.9017,0.9017,0.9017,0.0000,4119.0000,4119,4119,0.0000,881.0000,881,881,0.0000,65.0000,65,65,0.0000,4935.0000,4935,4935,0.0000
para,1024,naive_bayes,none-o,0.9054,0.9054,0.9054,,0.9870,0.9870,0.9870,,0.8238,0.8238,0.8238,,0.8485,0.8485,0.8485,,0.9870,0.9870,0.9870,,0.9017,0.9017,0.9017,,4119.0000,4119,4119,,881.0000,881,881,,65.0000,65,65,,4935.0000,4935,4935,
para,1024,random_forest,n_estimators-100,0.9867,0.9856,0.9875,0.0008,0.9902,0.9896,0.9906,0.0004,0.9832,0.9816,0.9850,0.0015,0.9834,0.9817,0.9851,0.0015,0.9902,0.9896,0.9906,0.0004,0.9867,0.9856,0.9875,0.0008,4916.2000,4908,4925,7.4632,83.8000,75,92,7.4632,49.2000,47,52,1.9235,4950.8000,4948,4953,1.9235
para,1024,random_forest,n_estimators-200,0.9872,0.9863,0.9880,0.0006,0.9906,0.9898,0.9910,0.0006,0.9837,0.9824,0.9850,0.0012,0.9838,0.9825,0.9851,0.0012,0.9906,0.9898,0.9910,0.0006,0.9872,0.9863,0.9880,0.0006,4918.6000,4912,4925,6.0249,81.4000,75,88,6.0249,47.0000,45,51,2.8284,4953.0000,4949,4955,2.8284
para,1024,random_forest,n_estimators-80,0.9867,0.9853,0.9876,0.0010,0.9900,0.9894,0.9908,0.0006,0.9833,0.9808,0.9848,0.0016,0.9834,0.9810,0.9849,0.0016,0.9900,0.9894,0.9908,0.0006,0.9867,0.9853,0.9876,0.0010,4916.6000,4904,4924,7.9246,83.4000,76,96,7.9246,49.8000,46,53,2.7749,4950.2000,4947,4954,2.7749
para,1024,svm,kernel-linear,0.9929,0.9929,0.9929,,0.9912,0.9912,0.9912,,0.9946,0.9946,0.9946,,0.9946,0.9946,0.9946,,0.9912,0.9912,0.9912,,0.9929,0.9929,0.9929,,4973.0000,4973,4973,,27.0000,27,27,,44.0000,44,44,,4956.0000,4956,4956,
para,1024,svm,kernel-poly,0.9956,0.9956,0.9956,,0.9960,0.9960,0.9960,,0.9952,0.9952,0.9952,,0.9952,0.9952,0.9952,,0.9960,0.9960,0.9960,,0.9956,0.9956,0.9956,,4976.0000,4976,4976,,24.0000,24,24,,20.0000,20,20,,4980.0000,4980,4980,
para,1024,svm,kernel-rbf,0.9967,0.9967,0.9967,,0.9958,0.9958,0.9958,,0.9976,0.9976,0.9976,,0.9976,0.9976,0.9976,,0.9958,0.9958,0.9958,,0.9967,0.9967,0.9967,,4988.0000,4988,4988,,12.0000,12,12,,21.0000,21,21,,4979.0000,4979,4979,
para,1024,svm,kernel-sigmoid,0.9831,0.9831,0.9831,,0.9794,0.9794,0.9794,,0.9868,0.9868,0.9868,,0.9867,0.9867,0.9867,,0.9794,0.9794,0.9794,,0.9831,0.9831,0.9831,,4934.0000,4934,4934,,66.0000,66,66,,103.0000,103,103,,4897.0000,4897,4897,
